category_id,parent_category_id,product_count,offer_count,shop_count
3,3,\N,7972,444
4,3,\N,9,7
5,4,\N,224,143
6,5,14434,235543,2156
7,5,\N,20019,1685
8,5,\N,45075,1837
9,5,\N,53491,1855
10,5,1604,20390,1493
11,1918,\N,289,51
12,4,\N,141,64
13,12,\N,20779,772
14,12,\N,10327,1359
15,12,\N,26251,945
16,12,\N,11127,272
17,12,\N,895,67
18,12,\N,1141,90
19,4,\N,889,200
20,2063,\N,81865,944
21,19,\N,373409,401
22,19,\N,120231,478
23,19,\N,119030,347
24,19,\N,215706,922
25,19,\N,32802,258
26,2062,\N,47144,288
27,19,\N,45439,256
28,19,\N,216903,289
29,2061,\N,23163,875
30,19,\N,14137,202
31,2062,\N,53376,356
32,19,\N,40737,296
33,19,\N,523731,400
34,19,\N,12645,317
35,19,\N,98968,257
36,4,\N,18,17
37,36,\N,3804,601
38,36,\N,27073,355
39,36,\N,73,42
40,36,\N,59936,1446
41,36,\N,2446,371
42,4,\N,272,190
43,1916,882,106385,2507
44,2293,\N,105384,2285
45,19,\N,21053,725
46,2060,\N,79862,1516
47,2061,\N,947,361
48,2064,\N,9802,976
49,1916,\N,30312,1422
50,42,\N,101401,675
51,2060,\N,354307,787
52,1286,\N,16743,522
53,2303,\N,234229,613
54,2060,\N,31236,986
55,4,\N,147,110
56,55,10464,245990,1362
57,55,\N,34444,593
58,55,\N,15220,540
59,55,\N,4285,322
60,55,\N,10719,621
61,55,\N,10891,711
62,55,\N,4792,481
63,55,\N,4269,478
64,55,\N,2983,401
65,55,\N,18481,1291
66,1917,81656,3983863,1249
67,4,\N,4,3
68,67,\N,1710,143
69,67,\N,1464,78
70,1918,\N,1852,63
71,4,\N,30,13
72,2293,\N,128098,909
73,3,\N,6,5
74,1814,\N,4719,344
75,1814,\N,50358,436
76,1814,\N,53611,427
77,1814,\N,48,43
78,77,\N,16945,375
79,77,\N,2582,267
80,77,\N,19809,491
81,73,\N,\N,\N
82,81,\N,18215,68
83,81,\N,764,53
84,81,\N,161137,213
85,81,\N,6583,628
86,81,\N,10917,486
87,1814,\N,1071,165
88,1814,\N,254,124
89,88,\N,16296,1799
90,88,435,29577,1480
91,1814,\N,11385,452
92,236,\N,9513,5
93,1909,\N,208,78
94,93,2796,57619,2215
95,1093,1196,65362,1885
96,1093,1417,81050,2245
97,93,\N,208,25
98,93,12689,249447,2261
99,93,1727,17275,1224
100,93,\N,4335,660
101,93,\N,76956,2381
102,93,4318,87947,1892
103,1093,11448,809403,3804
104,1093,1223,31131,2158
105,1093,6704,116812,2319
106,93,694,22188,1556
107,900,\N,35,35
108,107,7119,418541,3326
109,118,3805,58084,2527
110,107,10801,407417,2210
111,1085,3438,160748,2829
112,107,4512,289221,2665
113,1085,7103,405001,2671
114,1085,1073,107737,2297
115,107,\N,22,22
116,107,\N,18779,1586
117,1085,\N,4101,1351
118,900,\N,4,3
119,118,7819,369708,2899
120,118,13775,389222,3210
121,118,18011,227144,2612
122,900,\N,515,5
123,1914,9651,572089,2155
124,1914,24032,900931,2285
125,107,4481,106719,2841
126,1914,5211,212279,2093
127,2065,8069,554681,2870
128,2068,463,8262,1729
129,2066,1240,161328,2521
130,2065,3756,190637,2915
131,2066,1053,93144,2489
132,2067,1140,96436,2429
133,122,1458,93364,2561
134,1914,18337,768633,2281
135,2067,4878,340963,2688
136,2066,\N,10588,1830
137,2065,697,53327,2300
138,2065,1667,123390,2602
139,2067,606,44187,2324
140,2066,1362,94379,2574
141,2068,640,20187,2330
142,122,\N,29142,2416
143,122,\N,10893,1534
144,901,\N,4,4
145,1927,\N,50848,916
146,2055,\N,70303,689
147,144,\N,406,251
148,144,2540,149520,2061
149,2055,\N,978,117
150,2055,\N,4573,857
151,147,5811,166920,2464
152,144,676,20168,1512
153,147,\N,28558,1262
154,144,2955,75587,2241
155,1909,\N,4203,314
156,155,\N,196874,3129
157,155,\N,31216,2568
158,155,\N,301770,3320
159,1909,5057,52397,2177
160,144,2386,61408,2858
161,1909,1519,23754,1916
162,1909,\N,21085,1887
163,1909,22003,531303,2564
164,3,\N,9,7
165,164,\N,6,3
167,165,\N,82744,1232
168,165,\N,70948,817
169,2177,\N,93246,386
170,2042,\N,76869,1361
171,2043,\N,282527,1373
172,1452,\N,17443,248
173,1452,\N,11322,357
174,1357,\N,4,3
175,1357,\N,12,6
176,1452,\N,3649,143
177,1452,\N,98900,441
178,1452,\N,14333,324
179,164,\N,7,6
182,2321,\N,37866,1655
183,179,\N,21284,811
184,179,\N,30080,1716
185,2321,\N,10356,908
186,164,\N,125,5
187,1460,\N,57058,1630
188,1459,\N,266276,2310
189,186,\N,107121,2477
190,1459,\N,34551,1713
191,2142,\N,16468,1608
192,1459,\N,139945,2456
193,2243,\N,54776,1431
194,215,\N,13280,1011
195,164,\N,74,74
196,195,\N,662205,939
197,195,\N,1667606,1066
198,195,\N,288932,2199
199,195,\N,37736,2348
200,195,\N,226120,2593
201,164,\N,4,4
202,2177,\N,74364,278
203,201,\N,425423,1390
204,2177,\N,17424,208
205,164,\N,908,20
206,1301,7938,127198,2052
207,1301,\N,99216,1640
208,3,\N,2,2
209,208,\N,2776,11
210,209,\N,35550,1281
211,209,\N,26289,1054
212,209,\N,19200,946
213,209,\N,63236,1187
214,208,\N,17,10
215,208,\N,2,2
218,215,\N,8908,388
219,1922,\N,16762,1229
220,1922,\N,12762,566
221,215,\N,19571,598
222,215,\N,26256,1043
223,215,\N,3542,413
224,215,\N,3404,594
225,215,\N,41518,584
226,232,\N,114,106
227,215,\N,28574,700
228,2550,6785,26096,562
229,215,\N,13623,372
230,215,\N,20416,417
231,862,\N,35135,514
232,3,\N,3,3
233,232,\N,987,18
234,1999,64110,243726,1192
235,2381,6319,29492,970
236,232,\N,26,13
237,1981,6789,360874,1095
238,1127,11364,53821,924
239,1983,2322,135754,862
241,3,\N,544,1
242,241,\N,25,1
243,242,\N,12104,22
244,242,\N,1966,12
245,242,\N,6813,86
246,242,\N,2166,12
247,242,\N,501,13
248,3,\N,26,12
249,164,\N,1,1
250,249,\N,4091,97
251,249,\N,1547,69
252,249,\N,421,23
253,241,\N,2421962,265
254,253,\N,2520,16
255,254,\N,1,1
256,254,\N,\N,\N
257,254,\N,\N,\N
258,254,\N,49,9
259,254,\N,\N,\N
260,254,\N,3,3
261,254,\N,23,1
262,254,\N,\N,\N
263,254,\N,\N,\N
264,254,\N,\N,\N
265,254,\N,40,24
266,254,\N,2,2
267,254,\N,\N,\N
268,254,\N,\N,\N
269,254,\N,151,5
270,254,\N,25,4
271,254,\N,\N,\N
272,254,\N,8,1
273,254,\N,1,1
274,254,\N,\N,\N
275,253,\N,51785,94
276,275,\N,1891,49
277,275,\N,11180,129
278,275,\N,10494,49
279,275,\N,531,34
280,275,\N,4080,46
281,275,\N,3574,69
282,275,\N,731,49
283,275,\N,1147,44
284,275,\N,9203,124
285,275,\N,3350,66
286,275,\N,815,113
287,275,\N,4404,53
288,275,\N,495,40
289,275,\N,110,25
290,253,\N,1336,47
291,290,\N,629,25
292,290,\N,190,20
293,290,\N,128,14
294,290,\N,710,27
295,290,\N,214,19
296,290,\N,57,13
297,290,\N,590,36
298,290,\N,3,3
299,290,\N,405,26
300,290,\N,433,19
301,290,\N,112,18
302,253,\N,50336,44
303,302,\N,53947,66
304,302,\N,150,22
305,302,\N,500,21
306,302,\N,195,20
307,253,\N,2991,66
308,307,\N,99,20
309,307,\N,290,30
310,307,\N,152,24
311,307,\N,2752,45
312,307,\N,24,9
313,307,\N,23,13
314,307,\N,445,31
315,307,\N,1508,43
316,307,\N,228,27
317,307,\N,3,2
318,307,\N,1121,48
319,307,\N,142,19
320,307,\N,43,14
321,307,\N,30,10
322,307,\N,86,17
323,307,\N,19,9
324,253,\N,942,42
325,324,\N,60,18
326,324,\N,457,30
327,324,\N,776,22
328,324,\N,147,21
329,324,\N,58,12
330,324,\N,94,17
331,324,\N,259,23
332,324,\N,113,22
333,253,\N,5993,60
334,333,\N,919,48
335,333,\N,188,23
336,333,\N,319,38
337,333,\N,30,16
338,333,\N,1973,61
339,333,\N,1923,43
340,333,\N,104,15
341,253,\N,37820,141
342,341,\N,2712,76
343,341,\N,4487,74
344,341,\N,48,26
345,341,\N,4629,163
346,341,\N,4218,144
347,341,\N,82,21
348,253,\N,5177,62
349,348,\N,1046,35
350,348,\N,1309,39
351,348,\N,487,43
352,348,\N,151,20
353,348,\N,83,25
354,348,\N,1420,56
355,348,\N,6589,561
356,348,\N,963,51
357,348,\N,58,12
358,348,\N,1293,33
359,348,\N,658,41
360,348,\N,2399,56
361,253,\N,1205,51
362,361,\N,2547,51
363,361,\N,672,45
364,361,\N,5,5
365,361,\N,2500,63
366,361,\N,575,58
367,361,\N,20,15
368,253,\N,678,32
369,1148,\N,3800,53
370,1148,\N,41,20
371,1148,\N,3678,24
372,368,\N,129,27
373,368,\N,256,17
374,368,\N,56,15
375,368,\N,480,31
376,368,\N,6,5
377,368,\N,631,31
378,368,\N,160,29
379,253,\N,3381,50
380,379,\N,278,29
381,379,\N,3869,49
382,379,\N,145,25
383,379,\N,348,33
384,379,\N,3888,45
385,388,\N,7050,62
386,379,\N,98,17
387,379,\N,32,14
388,253,\N,5614,62
389,388,\N,8671,56
390,388,\N,473,43
391,388,\N,840,69
392,388,\N,3112,48
393,388,\N,11894,64
394,388,\N,142,24
395,388,\N,479,33
396,388,\N,1652,41
397,388,\N,4587,44
398,388,\N,773,43
399,388,\N,1124,43
400,388,\N,6217,48
401,388,\N,681,42
402,388,\N,102,18
403,388,\N,4445,52
404,388,\N,7442,84
405,388,\N,13,10
406,388,\N,2120,55
407,388,\N,976,37
408,388,\N,3,3
409,388,\N,5586,63
410,388,\N,140,20
411,388,\N,6520,93
412,253,\N,2288,46
413,360,\N,113,8
414,360,\N,440,26
415,412,\N,684,35
416,412,\N,2969,44
417,412,\N,1253,36
418,412,\N,80,22
419,561,\N,10650,302
420,253,\N,1057,11
421,3,\N,142,16
422,1910,\N,1391503,2229
423,1910,\N,107457,781
424,1910,38381,829298,2721
425,1910,\N,26446,93
426,421,\N,766,309
427,426,1571,218111,1425
428,426,7904,334841,1462
429,426,683,30081,1248
430,426,18953,226806,1322
431,460,807,12182,2024
432,2056,\N,2078,93
433,426,13387,191562,1403
434,1912,5271,241988,3194
435,426,16505,710050,2889
436,2056,\N,90285,1252
437,426,1845,29428,1751
438,448,\N,55666,2295
439,2059,\N,216279,2562
440,2058,\N,2852241,3040
441,1922,\N,262453,2332
442,845,\N,18207,728
443,2058,\N,47047,1572
444,1913,8406,495705,2460
445,1911,\N,3918,1011
446,1911,\N,3364,446
447,448,\N,72101,1268
448,421,\N,47,41
450,673,102200,638941,3034
451,448,\N,30186,1391
452,448,\N,264710,2842
453,448,\N,107718,2142
454,2059,8786,243094,2585
455,2059,\N,345195,898
456,2058,\N,65827,2575
457,448,\N,9077,1143
458,2058,\N,10785,1071
459,421,3437,275805,2611
460,421,\N,575,199
461,460,\N,227203,2205
462,460,3724,277669,2433
463,2057,\N,2273,171
464,460,\N,5110,1291
465,460,\N,18402,1506
466,2057,\N,145924,1997
467,2057,\N,50633,993
468,460,\N,39171,1747
469,460,485,48787,2179
470,2057,\N,29051,1025
471,2057,\N,146638,1086
472,2057,\N,27939,1025
473,1913,\N,13721,1821
474,1909,1420,81067,2405
475,1913,3348,185277,2441
476,1911,\N,8294,465
477,1911,1551,54397,2031
478,1913,\N,25403,1535
479,1913,1191,76574,2407
480,1212,87,25568,2087
481,1212,\N,25,25
482,421,\N,626,5
483,482,\N,48453,720
484,482,\N,43097,993
485,482,\N,14409,1378
486,144,4160,161974,2281
487,1093,\N,575,119
488,147,\N,31108,1230
489,147,\N,159382,2204
490,73,\N,4,4
491,490,\N,\N,\N
492,1085,588,75687,2219
493,1108,281444,391381,445
494,505,7112,19730,733
495,1108,93977,165286,472
496,73,\N,\N,\N
497,496,\N,34081,969
498,496,\N,28560,824
499,505,46032,86835,1303
500,2316,996,3410,458
501,2316,1038,3652,367
502,490,\N,5,4
503,502,29509,117111,1072
504,502,11956,62631,906
505,490,\N,14,2
506,241,\N,3,3
507,506,\N,7342,195
508,506,\N,499,20
509,506,\N,9,4
510,506,\N,281,85
511,506,\N,166,14
512,506,\N,277,120
513,506,\N,550,28
514,506,\N,1424,187
515,506,\N,576,88
516,506,\N,911,71
517,506,\N,809,128
518,506,\N,161,13
519,506,\N,15763,287
520,506,\N,188,25
521,506,\N,600,95
522,506,\N,1006,97
523,506,\N,69104,153
524,506,\N,33,6
525,241,\N,4652,95
526,525,\N,10,2
527,525,\N,3168,10
528,525,\N,48,1
529,525,\N,\N,\N
530,525,\N,\N,\N
531,525,\N,\N,\N
532,525,\N,1486,1
533,525,\N,246,1
534,525,\N,100,1
535,525,\N,573,2
536,525,\N,3371,6
537,525,\N,197,2
538,525,\N,45,1
539,525,\N,1145,2
540,525,\N,917,1
541,525,\N,1616,1
542,525,\N,\N,\N
543,525,\N,3218,7
544,525,\N,12,8
545,241,\N,1,1
546,545,\N,40816,587
547,545,6107,45611,236
548,545,\N,69833,289
549,545,\N,29100,297
550,545,\N,1301,154
551,545,1872,62626,1839
552,545,\N,221741,1382
553,1928,229548,2201290,1004
554,1497,24339,35651,676
556,1373,\N,266433,55
557,561,\N,38380,813
558,3,\N,407,12
559,558,\N,25926,160
561,558,\N,289,176
562,561,\N,6439,301
563,561,\N,13964,236
564,561,\N,1583,117
565,561,\N,5128,202
566,561,\N,1212,213
567,561,\N,1234,199
568,558,\N,28,15
569,1485,\N,31691,959
570,558,\N,9074,675
571,1927,\N,748,70
572,1927,\N,26396,744
573,561,\N,99529,1439
574,3,\N,7,2
575,574,\N,\N,\N
576,575,\N,3338,52
577,575,\N,2605,139
578,575,\N,490,28
579,575,\N,1581,98
580,575,\N,1069,50
581,575,\N,2681,122
582,574,\N,\N,\N
583,582,\N,1165,29
584,582,\N,936,26
585,2051,\N,2555,35
586,582,\N,1408,57
587,2051,\N,564,37
588,582,\N,506,26
589,2051,\N,1120,28
590,574,\N,5,4
591,590,\N,2510,228
592,590,\N,1033,260
593,590,\N,5442,189
594,590,\N,4292,184
595,651,\N,6991,316
596,590,\N,5067,343
597,590,\N,1407,203
598,590,\N,1758,125
599,590,\N,2599,75
600,590,\N,6116,487
601,574,\N,2,1
602,601,\N,8428,384
603,601,\N,7692,332
604,601,\N,2797,90
605,601,\N,6615,282
606,601,\N,6487,183
607,601,\N,950,141
608,601,\N,1532,112
609,601,\N,3184,183
610,601,\N,1692,203
611,574,\N,\N,\N
612,611,\N,2583,133
613,611,\N,5751,249
614,611,\N,8022,346
616,574,\N,1,1
617,616,\N,599,32
618,616,\N,3365,110
619,616,\N,1327,78
620,616,\N,576,46
621,574,\N,\N,\N
622,621,\N,928,47
623,621,\N,2385,158
624,621,\N,1217,42
625,621,\N,712,22
626,621,\N,363,41
627,621,\N,3101,238
628,621,\N,540,35
629,621,\N,852,73
630,574,\N,\N,\N
631,630,\N,40759,837
632,630,\N,5810,980
633,574,\N,\N,\N
634,633,\N,1065,58
635,633,\N,638,25
636,574,\N,\N,\N
637,636,\N,803,51
638,636,\N,462,34
639,636,\N,633,37
640,636,\N,787,25
641,636,\N,501,46
642,636,\N,525,22
643,636,\N,279,28
644,574,\N,2,2
645,644,\N,1040,130
646,644,\N,287,59
647,644,\N,2848,130
648,644,\N,489,36
649,644,\N,482,85
650,644,\N,4334,175
651,574,\N,8,3
652,651,\N,486,51
653,651,\N,10544,423
654,651,\N,2640,197
655,651,\N,8058,516
656,651,\N,1170,123
657,574,\N,1,1
658,657,\N,420,30
659,657,\N,338,40
660,657,\N,628,40
662,241,\N,3310,38
663,901,\N,69,54
664,663,1437,62400,2245
665,663,1670,171865,2286
666,209,261,11881,1565
667,209,\N,13806,924
668,209,\N,11068,1291
669,663,973,29452,1515
670,1212,\N,6317,1135
671,209,\N,19535,910
672,663,8503,912346,3388
673,663,\N,423,209
674,673,703103,1645413,3191
675,673,\N,222914,2066
676,673,\N,8979,736
677,673,\N,82392,3172
678,673,47555,335295,3529
680,3,\N,48,5
681,680,\N,51,19
682,681,\N,17044,699
683,681,17089,76231,388
684,680,\N,351,96
685,684,4515,58240,1012
686,684,4279,42608,800
687,1217,4574,23085,597
688,684,14143,134253,1716
689,1179,\N,\N,\N
690,689,3606,33794,718
691,689,3186,50154,620
692,689,\N,85628,668
693,689,\N,6145,995
694,680,\N,\N,\N
695,694,98024,292121,1433
696,694,\N,132839,1021
697,1923,\N,2,1
698,697,\N,38579,474
699,1923,\N,\N,\N
700,699,\N,3426,118
701,699,\N,3334,257
703,699,3353,4254,157
704,1924,\N,3184,436
705,1923,3605,69422,425
706,1174,\N,\N,\N
707,680,\N,\N,\N
708,1924,\N,6,3
709,708,\N,889,100
710,708,\N,814,26
711,708,\N,221,55
712,708,\N,904,34
713,708,\N,1328,100
714,708,\N,2446,59
715,708,\N,4607,74
716,708,\N,6382,291
717,708,\N,697,91
718,2368,1734,10355,676
720,1926,\N,24114,548
721,680,\N,\N,\N
722,721,\N,2787,62
723,721,2151,12188,683
724,1923,\N,2,2
725,724,6456,6817,261
726,2082,\N,71,21
727,1924,\N,\N,\N
728,727,\N,2249,300
729,727,\N,2976,252
730,1924,\N,1,1
731,730,\N,7642,531
732,730,\N,1011,316
733,730,\N,4599,313
734,730,\N,9204,485
735,1924,\N,2,2
736,735,\N,2438,493
737,735,\N,469,98
738,164,\N,22,22
739,1230,\N,28,3
740,739,\N,43216,535
741,739,\N,15045,402
742,839,\N,11492,511
743,739,\N,5821,205
744,839,\N,8688,442
745,739,\N,31900,341
746,739,\N,3779,396
747,839,\N,34905,1462
748,738,\N,1926,438
749,748,260059,1139494,1481
750,748,31005,200490,706
751,748,9109,185576,1006
752,738,\N,4,4
753,748,10565,207904,819
754,748,\N,14,8
755,2074,13499,103248,719
756,823,\N,194227,816
757,748,8553,573459,1132
758,2075,\N,31410,786
759,1231,\N,57464,564
760,1231,\N,65504,520
761,1229,\N,504,202
762,761,\N,203033,1512
763,761,\N,67718,856
764,761,\N,45621,850
765,2072,\N,23276,439
766,761,\N,119116,1719
767,2072,\N,26363,654
768,761,\N,53353,1366
769,1230,\N,26,19
770,769,\N,824852,385
771,769,\N,628261,465
772,2076,\N,14552,101
773,2076,\N,53677,276
774,2076,\N,34221,140
775,2076,\N,141617,422
776,769,\N,8303,223
777,769,\N,7524,135
778,1230,\N,58,50
779,778,\N,24679,523
780,778,\N,26073,585
781,778,\N,19752,645
782,778,\N,17687,536
783,1229,\N,855,208
784,783,8038,476589,2427
785,783,2075,147827,2205
786,783,\N,7614,1018
787,783,\N,51260,2132
788,783,\N,11590,850
789,1229,5710,272528,2442
790,783,\N,53304,1722
791,783,\N,47380,1978
792,783,380,30354,1672
793,783,5861,372990,2382
794,783,\N,20149,1136
795,748,15304,329558,2975
796,748,\N,21,18
797,796,\N,19451,529
798,796,\N,53742,675
799,796,\N,282793,1324
800,2077,\N,\N,\N
801,2217,\N,4146,258
802,800,\N,4493,42
803,2217,\N,11244,557
804,2217,\N,5044,443
805,800,\N,12667,308
806,800,\N,4610,93
807,2077,\N,\N,\N
808,807,\N,7582,284
809,807,\N,1451,137
810,807,\N,5135,180
811,807,\N,2746,137
812,1231,\N,11855,175
813,2076,\N,48985,476
814,807,\N,4536,143
815,807,\N,2985,180
816,738,\N,753,288
817,2079,\N,122486,928
818,2079,\N,128217,693
819,816,\N,283807,1734
820,1087,\N,5739,399
821,2079,\N,9677,469
822,816,\N,15541,687
823,738,\N,119,61
824,823,\N,60343,1960
825,823,\N,102869,644
826,823,8225,91331,1738
827,823,\N,174466,1525
828,2234,\N,1143,23
829,839,\N,15934,295
830,2217,\N,25887,754
831,839,\N,1646,275
832,2217,\N,29592,688
833,2217,\N,2269,270
834,1229,\N,43,23
835,2078,\N,2704,238
836,2078,\N,17165,295
837,2078,\N,318182,305
838,2073,\N,72821,1294
839,2077,\N,30,9
840,1229,\N,87101,894
841,2078,\N,487,11
842,3,\N,755,17
843,842,\N,100,4
844,3,\N,316,57
845,844,\N,617,58
846,845,\N,26691,419
847,845,\N,70274,1729
848,845,\N,16186,275
849,845,\N,2241,122
850,845,\N,19011,750
851,845,\N,11971,399
852,844,\N,24,4
853,852,\N,10082,697
854,852,\N,11619,676
855,852,\N,2262,85
856,852,\N,4026,151
857,844,\N,87,58
858,1921,\N,957,106
859,1921,\N,6,2
860,1919,\N,9877,1196
861,844,\N,12225,217
862,844,\N,121,29
863,862,\N,65105,528
864,862,\N,55184,619
865,844,\N,29,29
866,862,\N,196402,1396
867,862,\N,57112,335
868,862,\N,37124,1209
869,1921,\N,9863,232
870,1921,\N,6086,283
871,71,\N,550,73
872,843,\N,1297,16
873,1911,7048,321987,2538
874,2234,\N,3190,243
875,778,\N,11387,474
876,2073,\N,14021,1025
877,843,\N,413,19
878,843,\N,2757,3
880,558,\N,3,3
881,880,\N,8884,579
882,1917,172129,4589579,1002
883,561,\N,26359,349
885,1927,\N,8128,280
886,144,\N,78,20
887,481,\N,185,13
888,481,\N,20,7
889,481,\N,156,63
890,481,\N,3364,463
891,1212,\N,44576,1959
892,684,\N,28112,1781
893,426,16439,363434,1684
894,214,\N,139325,1858
895,214,\N,16557,597
896,214,\N,6543,378
897,214,\N,149,38
898,214,6577,130069,2167
899,1919,\N,64269,1544
900,3,\N,12,10
901,3,\N,166,131
902,1485,\N,5193,219
903,368,\N,75644,9
904,1298,4205,72431,1783
905,816,3399,99425,2852
906,816,8865,144383,2071
907,2079,\N,28358,484
908,862,\N,30282,846
909,2234,\N,3770,70
910,684,\N,121538,2782
911,1914,10306,810490,2287
912,1914,9425,539565,2570
913,118,\N,13563,1390
914,71,\N,360,75
915,208,\N,18218,1112
916,214,\N,273720,1756
917,2059,\N,13491,1588
918,115,\N,13730,1145
919,1919,\N,5082,116
920,115,229,21189,1746
921,115,\N,784,174
922,115,1863,174264,2148
923,115,\N,1100,198
924,561,\N,2755,110
925,1301,534,4129,347
926,1301,1851,37752,1251
927,1301,1147,29287,1247
930,2515,\N,2830,176
931,1301,\N,4177,858
932,842,\N,3707,59
933,1298,369,30268,1091
934,1699,\N,67650,596
935,19,\N,3823,473
936,2069,\N,118760,1874
937,2069,\N,214965,2336
938,1699,\N,61052,456
939,707,2316,25668,638
940,707,\N,1308,175
942,680,\N,107,3
943,1925,\N,11322,592
944,1905,\N,297,74
945,1905,\N,1,1
946,333,\N,379,44
947,333,\N,1197,46
948,147,\N,71833,2062
949,118,\N,1241,416
950,1085,1978,164795,2467
951,2070,248,38482,2315
952,93,\N,1583,216
953,1739,\N,1436,161
954,761,5392,129358,2102
955,2072,\N,44960,913
956,2071,\N,5231,440
957,2071,\N,19854,559
958,2072,\N,37526,742
959,2072,\N,12595,532
960,761,\N,74527,1079
961,2072,\N,22984,879
962,823,69215,250994,1361
964,880,\N,2600,166
965,1919,\N,309823,372
966,1174,\N,213,23
967,1217,\N,157,16
968,1217,1773,13567,525
969,844,\N,25,22
970,969,\N,31771,1839
971,1301,1588,69526,2524
972,969,\N,3860,619
973,969,\N,37829,1726
974,969,\N,4902,637
975,253,\N,5780,32
976,842,\N,455,18
977,2080,3018,147204,2170
978,2064,\N,21142,546
979,699,\N,1820,122
980,724,\N,8582,216
981,1912,10342,455597,2768
982,5,\N,1534,150
983,1426,\N,92563,973
984,1286,\N,7698,288
985,5,\N,227,47
986,783,\N,43469,1472
987,2682,\N,257217,1813
988,840,\N,26683,925
989,840,\N,165625,1586
990,2682,\N,87487,835
991,840,\N,26942,987
992,840,\N,133966,1726
993,2690,\N,565,17
994,2073,\N,88467,1233
995,1152,2815,38617,2383
996,680,\N,59622,1038
997,5,13913,308548,2138
998,209,\N,1201,358
999,857,\N,442,117
1000,1919,\N,71777,722
1001,689,222,5839,511
1002,689,\N,3456,519
1003,689,2338,36407,561
1004,1925,\N,14060,433
1005,1179,\N,41897,729
1006,1852,25698,67394,1672
1007,2068,145,12254,1966
1008,2068,\N,6795,1413
1009,122,\N,6763,1558
1010,706,\N,12546,524
1011,706,\N,8838,391
1012,706,\N,1049,76
1013,706,\N,675,48
1014,706,\N,164,56
1015,706,\N,3665,267
1016,706,\N,15824,184
1017,663,\N,4680,937
1018,307,\N,265,29
1019,2065,60,1104,169
1020,201,\N,12454,609
1021,1497,74923,81964,805
1022,1918,\N,1973,243
1023,1919,\N,59167,620
1024,1919,\N,62237,1493
1025,1905,\N,4165,465
1026,2181,169,7982,749
1027,42,\N,26903,1829
1028,663,\N,243764,815
1029,1912,\N,44149,2096
1030,1487,\N,199614,343
1031,1487,\N,42667,233
1032,1487,\N,17428,114
1033,1487,\N,27882,379
1034,1487,\N,15518,143
1035,1487,\N,11298,207
1036,1487,\N,2766,156
1037,118,1023,45100,1959
1038,681,651,10908,741
1039,155,\N,436342,3542
1040,1981,2125,333532,1832
1041,93,1582,43041,2437
1042,842,\N,682,85
1043,568,5740,25087,647
1044,568,\N,40111,1276
1045,201,\N,3188,120
1046,1426,\N,91031,756
1047,2060,\N,23935,604
1048,2060,\N,2705,127
1049,1426,\N,24493,645
1050,19,\N,372465,435
1051,1155,\N,15113,252
1052,506,\N,2982,239
1053,242,\N,1248,47
1054,1298,\N,16979,796
1055,1298,\N,2559,305
1056,681,\N,12331,245
1058,739,\N,28917,446
1059,823,\N,82865,1108
1060,769,\N,8267,157
1062,118,\N,51550,689
1063,460,4485,326501,3112
1064,1913,52647,819196,2859
1065,118,1848,127036,3192
1066,1398,\N,53012,702
1067,783,1056,89645,2185
1068,118,\N,38027,2341
1069,2082,\N,801,34
1070,2066,2942,286620,2684
1071,1920,\N,7212,313
1072,107,\N,158,49
1073,2078,\N,20462,1281
1074,1909,\N,17484,330
1075,1928,\N,289336,627
1076,651,\N,3007,250
1077,1814,\N,35302,855
1078,1814,\N,28726,267
1079,426,5015,210757,1548
1080,426,3945,182406,1871
1081,2056,\N,9860,570
1082,844,\N,2538,45
1083,1919,\N,615,68
1084,1497,58305,44119,885
1085,900,\N,73,8
1086,816,\N,227842,2911
1087,834,\N,3,3
1088,845,\N,30738,1512
1089,684,\N,25493,1188
1090,684,\N,27840,1250
1091,1487,\N,8444,100
1092,1447,\N,71,20
1093,901,\N,392,253
1094,673,\N,12434,1853
1095,842,\N,81,12
1096,2082,\N,961,28
1097,1925,\N,1,1
1098,1097,\N,273,15
1099,1097,\N,3166,51
1100,942,\N,4051,317
1101,942,\N,15635,442
1102,942,\N,15879,553
1103,845,\N,25434,400
1104,1814,\N,35434,539
1105,2017,99926,300516,1362
1106,460,1223,62959,1851
1107,1179,\N,102509,475
1108,490,\N,8,5
1109,575,\N,2212,141
1110,147,\N,9432,717
1111,147,\N,9118,1515
1112,481,\N,7825,536
1113,481,\N,36603,1325
1114,481,\N,66793,1374
1115,348,\N,287,32
1116,748,\N,9566,1043
1117,341,\N,3743,101
1118,2068,400,12564,2089
1119,823,\N,39949,677
1120,1993,1399,10051,942
1121,1993,693,21312,1798
1122,1984,13751,39712,849
1123,1981,560,3956,404
1124,1981,7425,16481,864
1125,1984,405,4151,856
1126,236,\N,7,5
1127,236,\N,259,255
1128,1127,1309,4688,1256
1129,1127,105,8892,1310
1130,92,1205,10591,1068
1131,1127,3598,12779,761
1132,1127,9220,23011,1041
1133,236,\N,107,67
1134,1984,848,5365,1043
1135,1983,4700,24184,807
1136,1126,2767,111831,869
1137,1126,\N,48638,662
1138,1127,23043,82207,1054
1139,1126,\N,6135,461
1140,1126,2795,15670,650
1141,1126,\N,22682,819
1142,1126,7498,23584,826
1143,1126,5664,23011,754
1144,568,\N,23637,933
1145,388,\N,1178,45
1146,368,\N,886,48
1147,348,\N,1232,47
1148,368,\N,61,16
1149,307,\N,507,38
1150,558,\N,9059,930
1151,147,\N,70183,1575
1152,901,\N,20,8
1153,1152,\N,3175,633
1154,1152,\N,3771,356
1155,248,\N,4,2
1156,1155,\N,5580,229
1157,1155,\N,3446,218
1158,1155,\N,22,3
1159,1155,\N,3415,197
1160,1155,\N,8419,173
1161,1155,\N,2904,209
1162,1155,\N,15376,324
1163,1155,\N,4565,204
1164,1155,\N,2521,161
1165,1155,\N,10369,222
1166,2067,\N,74655,2179
1167,1085,\N,69347,2791
1168,324,\N,146,22
1169,348,\N,254,25
1170,2041,459034,1771187,1101
1171,2041,30843,221861,681
1173,2043,\N,48696,890
1174,680,\N,4,4
1175,1174,\N,222,63
1176,107,\N,5908,747
1177,107,788,110164,2638
1178,1925,\N,7532,488
1179,680,\N,\N,\N
1180,1179,\N,33340,833
1181,1179,\N,5983,433
1182,77,\N,7384,328
1183,1814,\N,79926,761
1184,88,\N,17628,328
1185,88,\N,3388,624
1186,88,\N,8194,1205
1187,88,\N,4477,319
1188,88,\N,601,382
1189,1179,\N,16198,1455
1190,88,\N,17905,1109
1191,945,2651,13673,595
1192,147,\N,15250,897
1193,1920,\N,21801,853
1194,525,\N,\N,\N
1195,1924,\N,\N,\N
1196,1195,\N,172,14
1197,1195,\N,71,14
1198,1195,\N,82,31
1199,735,\N,978,285
1200,1925,\N,1106,228
1201,201,\N,325623,2333
1202,2044,\N,31412,1023
1203,481,\N,150,16
1204,67,\N,1531,280
1205,590,\N,2903,102
1206,481,\N,4835,290
1208,601,\N,2140,49
1209,481,\N,690,10
1210,481,\N,178,13
1211,481,\N,1335,163
1212,901,\N,1,1
1213,122,355,27025,2235
1214,2067,\N,72820,2302
1215,186,\N,22307,599
1216,2243,\N,50994,2130
1217,1174,\N,85,24
1219,1217,\N,1152,398
1220,195,\N,98197,670
1221,368,\N,71,21
1222,561,\N,22571,232
1223,122,\N,7287,981
1224,388,\N,176,23
1225,388,\N,123,19
1226,1148,\N,14,8
1227,412,\N,180,19
1228,144,957,17300,1619
1229,738,\N,85,57
1230,738,\N,39,12
1231,2078,\N,111,25
1232,1231,\N,22776,424
1233,2079,\N,29387,589
1234,2079,\N,90139,920
1235,816,\N,146686,745
1236,1072,\N,11933,821
1237,1072,\N,52190,1877
1238,2074,6019,192208,1016
1239,1699,\N,27090,194
1240,1093,771,35977,2291
1241,1072,\N,34296,975
1242,739,\N,9131,189
1243,842,\N,198,33
1244,448,117000,507261,3217
1245,1093,2188,178760,3422
1246,844,\N,12025,737
1247,1924,\N,15623,755
1248,1909,2890,26293,2487
1249,1916,257,6319,1453
1250,214,\N,1755,224
1251,1914,\N,26210,1000
1252,816,\N,1148,162
1253,460,\N,170261,2490
1254,1913,1477,55105,2410
1255,630,\N,55916,1342
1256,491,3143,55388,369
1257,1852,58615,148674,818
1258,491,14662,33968,2066
1259,491,3795,23262,561
1260,491,3201,32656,328
1261,491,4049,34869,443
1262,491,2642,19750,458
1263,491,899,10732,306
1264,491,5416,41303,561
1265,491,1869,1677,283
1266,844,\N,80852,496
1267,2073,\N,60053,2133
1268,862,\N,2118,386
1269,505,14894,42262,1221
1270,505,6367,32183,894
1271,505,7391,18751,796
1272,502,18459,69897,926
1273,502,11353,55346,784
1274,502,77239,122515,581
1275,165,\N,4,3
1276,1275,\N,8625,1232
1277,1275,\N,1593,756
1278,1275,\N,5193,1009
1279,248,\N,12969,320
1280,248,\N,8568,284
1281,2488,\N,10700,293
1282,2486,\N,3658,367
1283,1286,\N,154351,363
1284,195,\N,378227,1194
1285,195,\N,97469,1392
1286,42,\N,3,3
1287,1286,\N,2702,105
1288,1286,\N,11878,123
1289,1286,\N,100857,296
1290,1286,\N,15430,144
1291,2068,1287,140741,2711
1292,1916,\N,13500,617
1293,2072,\N,35262,757
1294,839,\N,11265,399
1295,839,\N,10177,409
1296,1179,\N,7466,473
1297,842,\N,480,29
1298,901,\N,\N,\N
1299,1298,\N,11064,667
1300,761,\N,25885,1136
1301,205,\N,70,53
1302,201,\N,32585,678
1303,545,\N,10108,182
1304,754,\N,1196,77
1305,754,\N,25351,127
1306,2199,\N,3493,297
1307,2045,4692,13584,1297
1308,1461,\N,12294,1060
1309,1459,\N,3553,561
1310,2069,\N,111903,2657
1311,1914,\N,6859,1130
1312,545,\N,35276,733
1313,2078,\N,1398,260
1314,845,\N,5997,105
1315,1928,\N,18879,235
1316,663,\N,368,129
1317,673,\N,3126,275
1318,842,\N,\N,\N
1319,1447,\N,2507,36
1320,1739,\N,3590,299
1321,2078,\N,3517,115
1322,201,\N,13055,288
1323,201,\N,20728,1273
1324,708,\N,766,44
1325,1485,\N,11761,416
1326,816,\N,28063,1062
1327,2639,\N,41993,1141
1328,460,\N,34994,991
1329,248,\N,24888,210
1330,807,\N,3519,219
1331,73,\N,178,12
1332,2062,\N,85631,514
1333,880,\N,3139,208
1334,1699,\N,17600,169
1335,165,\N,81136,1001
1336,201,\N,121661,682
1337,1318,\N,311,11
1338,1318,\N,109,63
1339,5,\N,25115,2020
1340,1093,\N,8870,1494
1341,1093,\N,23292,1533
1342,684,\N,1844,371
1343,752,\N,2343,114
1344,752,\N,3106,181
1345,752,\N,5124,222
1346,752,\N,1333,154
1347,752,\N,44698,636
1348,752,\N,3889,125
1349,843,\N,3435,32
1350,2303,\N,122542,282
1351,862,\N,71677,1482
1352,1920,\N,63539,1284
1353,2381,2277,26415,1046
1354,2074,\N,316429,740
1355,2075,\N,130523,1135
1356,2044,\N,3080,228
1357,164,\N,201,7
1358,823,\N,30664,365
1359,2041,\N,18193,385
1360,865,\N,72010,1529
1361,865,\N,124775,1590
1362,1372,\N,7423,624
1363,525,\N,444,2
1364,525,\N,679,1
1365,945,\N,14298,1201
1366,945,\N,23148,1933
1367,945,\N,19482,1849
1368,945,\N,17839,1709
1369,865,\N,26639,1542
1370,865,\N,116806,1477
1371,865,\N,6413,550
1372,205,\N,58,26
1373,558,\N,10,2
1374,1373,\N,5366,20
1375,862,\N,10759,206
1376,1922,\N,48910,900
1377,1922,\N,29649,1093
1378,1916,4795,179568,2986
1379,1174,\N,106,20
1380,2078,\N,6227,155
1381,1928,\N,7213,575
1382,2042,\N,119282,957
1383,1331,\N,33057,359
1384,1331,\N,143617,153
1385,1331,\N,52943,100
1386,1331,\N,22668,58
1387,1331,\N,42495,92
1388,1331,\N,32372,93
1389,1331,\N,745,47
1390,1331,\N,1853,133
1391,1331,\N,2300,133
1392,1331,\N,5159,163
1393,1331,\N,15074,51
1394,155,\N,6617,1545
1395,1919,\N,1394,189
1396,1913,2490,200960,2612
1397,93,\N,8283,243
1398,844,\N,9,9
1399,1398,\N,36005,562
1400,1398,\N,84241,539
1401,2056,\N,87095,1551
1402,2076,\N,12169,128
1403,1298,\N,7892,381
1404,67,\N,748,84
1405,684,\N,11692,659
1406,1301,\N,75651,1961
1407,796,\N,35279,1076
1408,796,\N,9867,467
1409,1910,5748,371151,3313
1410,2426,104150,85962,641
1411,2405,7690,12500,118
1412,226,76763,98111,1108
1413,2511,\N,10489,642
1414,226,2424,6079,225
1415,249,\N,50200,910
1420,505,3885,9330,657
1421,1174,\N,42646,554
1422,506,\N,412,206
1423,1916,\N,58556,1232
1424,2243,\N,27265,1871
1425,88,\N,15572,1880
1426,19,\N,28,21
1427,107,\N,3004,839
1428,1301,\N,12447,1095
1429,845,\N,11843,448
1430,175,\N,6084,700
1431,673,\N,14250,1604
1432,748,\N,105760,342
1433,684,\N,9586,803
1434,857,\N,16472,890
1435,1174,\N,25920,656
1436,681,\N,3284,114
1437,673,\N,8752,1220
1438,2063,\N,117409,3678
1439,561,\N,8128,510
1440,561,\N,5816,463
1441,2199,\N,10638,673
1442,2073,\N,60296,1332
1443,360,\N,11,7
1444,1485,\N,21410,574
1445,2278,3089,66276,1410
1446,2335,\N,51305,857
1447,842,\N,\N,\N
1448,155,\N,121597,634
1449,739,\N,5211,191
1450,174,34670,54711,690
1451,174,23039,32074,1021
1452,1357,\N,\N,\N
1453,2044,\N,40436,957
1454,2043,\N,291051,1489
1455,2043,\N,41381,901
1456,1917,\N,52567,195
1457,680,\N,16076,971
1458,1301,\N,6821,1154
1459,186,\N,30,13
1460,186,\N,258,3
1461,186,\N,12,7
1462,1174,\N,262,26
1463,1174,\N,2963,396
1464,748,\N,3826,440
1465,2070,79,7110,1786
1466,2070,\N,29143,1965
1467,1461,\N,65915,2064
1468,1461,\N,35250,1070
1469,1460,\N,14565,792
1470,1459,\N,19139,1526
1471,1459,\N,81186,2069
1472,2056,\N,37029,1026
1473,2417,87541,160050,1078
1474,496,\N,11538,629
1475,2071,\N,8278,690
1476,5,\N,27265,268
1477,118,\N,1092,326
1478,209,\N,19863,1136
1479,2075,\N,49180,950
1480,689,\N,2766,270
1482,2071,\N,33704,1311
1484,147,\N,4519,734
1485,558,\N,151,4
1486,1485,\N,9370,414
1487,681,\N,\N,\N
1488,1487,\N,11429,565
1489,1739,\N,35184,306
1490,201,\N,14555,854
1491,1357,\N,52448,795
1492,568,\N,237,31
1493,1212,\N,9404,1278
1494,1709,\N,\N,\N
1495,1709,\N,\N,\N
1496,1709,\N,1,1
1497,1709,\N,96,9
1498,1494,\N,1,1
1499,1494,\N,1,1
1500,1494,\N,14,2
1501,1494,\N,\N,\N
1502,1883,1555,2388,64
1503,1494,\N,\N,\N
1504,1498,253172,518267,370
1505,1498,167088,253345,339
1506,1498,80758,133322,211
1507,1498,8587,17655,95
1508,1498,733171,932934,427
1509,1498,599624,445071,531
1510,1498,235860,327337,349
1511,1498,56311,53332,240
1512,1498,13773,19496,73
1513,1498,38305,31415,256
1514,1498,142006,167919,185
1515,1498,73947,89394,226
1516,1498,196082,419992,273
1517,1498,58610,131660,401
1518,1499,66721,293312,187
1519,1499,64664,192189,250
1520,1499,19442,34801,160
1521,1499,97606,142287,233
1522,1499,5670,11815,92
1523,1499,12586,12040,78
1524,1499,6731,28404,301
1525,1499,29229,129736,223
1526,1499,14197,29601,309
1527,1500,54833,96322,347
1528,1500,69888,107777,361
1529,1500,21911,44183,442
1530,1503,5264,1237,38
1531,1503,2817,936,38
1532,1503,60101,122115,327
1533,1503,13547,42856,136
1534,1503,50261,114930,262
1535,1503,6953,16186,130
1536,1503,5250,11387,304
1537,1503,5513,5165,97
1538,1501,11275,12078,100
1539,1501,13415,17748,84
1540,1501,6484,9800,66
1541,1501,1063,2509,24
1542,1501,336,736,30
1543,1501,4022,5322,51
1544,1501,1039,1085,38
1545,1501,7809,8298,66
1546,1501,829,464,40
1547,1501,4103,15126,74
1548,1883,2473,3807,29
1549,1501,2799,4151,53
1550,1496,\N,\N,\N
1551,1496,\N,\N,\N
1552,1496,\N,\N,\N
1553,1550,16418,40285,225
1554,1550,48240,104362,540
1555,1550,2030,6383,213
1556,1550,5554,25914,266
1557,1552,1389,2640,161
1558,1552,8541,36708,254
1559,1552,14687,60496,338
1560,1552,17184,84862,365
1561,1552,10839,76488,228
1562,1552,9574,34977,255
1563,1552,10157,23319,252
1564,1552,5768,33048,149
1565,1552,5563,16073,296
1566,1552,4814,10373,172
1567,1550,36941,169261,384
1568,1550,16448,60169,223
1569,1550,14459,64839,222
1570,1550,6014,8542,185
1571,1550,3563,18487,148
1572,1550,47668,167241,296
1573,1550,43053,136217,324
1574,1550,39004,147868,346
1575,1550,9640,27329,204
1576,1550,16314,51941,296
1577,1550,6918,22460,181
1578,1550,8284,31983,175
1579,1550,28332,154653,251
1580,1550,21437,69767,343
1581,1550,9219,36393,330
1582,1551,29945,129188,344
1583,1551,13499,49032,273
1584,1551,3940,10516,119
1585,1551,3900,20400,197
1586,1551,51790,134499,390
1587,1551,27685,96031,286
1588,1551,11777,26478,219
1589,1551,9452,28348,157
1590,1551,9413,28344,182
1591,1551,14062,36992,295
1592,1551,20673,106556,251
1593,1551,11346,21535,312
1594,1551,6871,19815,244
1595,1551,13951,43604,233
1596,1495,\N,\N,\N
1597,1495,\N,\N,\N
1598,1596,141086,229238,346
1599,1596,42009,52864,79
1600,1596,5967,6372,203
1601,1596,404119,354760,646
1602,1596,103066,172718,290
1603,1596,38446,55189,237
1604,1596,17195,26544,81
1605,1596,69623,133010,167
1606,1596,86910,101233,405
1607,1596,97025,214995,278
1608,1596,6111,13481,370
1609,1495,\N,\N,\N
1610,1495,\N,1,1
1611,1610,44123,64036,632
1612,1610,12498,12649,272
1613,1610,8647,21271,1438
1614,1497,25118,23253,251
1615,1497,63043,92273,711
1616,1609,25719,76568,224
1617,1609,18565,22998,239
1618,1609,16945,52719,505
1619,1597,9076,26665,209
1620,1597,49800,94130,299
1621,1597,711,198,14
1622,1597,10912,19226,153
1623,1597,1805,2119,320
1624,1597,5508,9925,413
1625,1709,\N,\N,\N
1626,1625,\N,3,3
1627,1625,\N,36808,4
1628,1497,\N,108,68
1629,1497,20004,41596,1646
1630,1497,10182,28923,685
1631,1497,1172,4433,454
1632,1497,24561,47540,551
1633,1497,54580,85819,881
1634,1628,319715,224089,1678
1635,1628,2157,3072,304
1636,1628,16646,29310,790
1637,1628,9354,36757,1127
1638,1628,558,774,63
1639,1628,222,652,218
1640,1628,8485,18650,657
1641,1747,3149,5687,152
1642,1747,443,928,20
1643,1746,829,838,100
1644,1748,2763,5302,196
1645,1748,2984,1694,115
1646,1748,9040,23336,277
1647,1748,11665,22193,277
1648,1748,5460,3690,172
1649,1747,19249,30953,272
1650,1747,10988,28631,233
1651,1747,4870,11025,188
1652,1747,5197,11292,147
1653,1748,2480,14648,224
1654,1626,29033,73422,184
1655,1626,64103,171702,142
1656,1626,66368,236713,315
1657,1626,5353,28059,267
1658,1626,80284,260268,319
1659,1626,30831,103023,123
1660,1626,32005,94430,145
1661,1626,10585,33962,135
1662,1626,74272,218186,285
1663,1626,13667,39557,203
1664,1626,127063,278591,250
1665,1626,3035,14648,81
1666,1627,49518,223004,420
1667,1627,1333,7799,158
1668,1627,82558,267625,395
1669,1627,4282,11436,128
1670,1627,4240,11934,202
1671,1627,6289,29778,252
1672,1627,27776,122335,171
1673,1627,137,1152,62
1674,1625,7052,46171,220
1675,1625,\N,1,1
1676,1625,\N,\N,\N
1677,1675,2949,19630,98
1678,1675,6450,31132,141
1679,1675,14271,50500,249
1680,1675,1340,5636,170
1681,1675,19150,99297,207
1682,1675,13132,56484,236
1683,1675,1609,17177,185
1684,1675,17455,67244,232
1685,1675,3449,17652,98
1686,1675,577,4544,31
1687,1676,10607,32380,170
1688,1676,25832,104448,273
1689,1676,949,3161,123
1690,1676,14346,74004,217
1691,1676,5424,26006,186
1692,1676,773,9925,149
1693,1676,1387,4353,105
1694,1676,177,1454,44
1695,1627,19946,52125,148
1696,1747,11564,21475,304
1697,1747,1891,5767,269
1698,1552,954,2117,200
1699,558,\N,\N,\N
1700,1699,\N,8033,305
1701,1925,\N,1007,117
1702,1925,\N,120,16
1703,1551,31437,47830,461
1704,1551,2255,4120,262
1705,1551,5965,19881,293
1706,92,5248,13434,798
1707,88,\N,2691,418
1708,2057,\N,9972,871
1709,3,\N,30147,4
1710,769,\N,94279,138
1711,1452,\N,5127,238
1712,2056,\N,27054,799
1713,1914,\N,5798,641
1714,1217,\N,456,66
1715,1746,3014,3673,81
1716,1552,2157,11910,125
1717,1626,55699,75200,188
1718,1626,29340,88400,82
1719,1626,482,3237,29
1720,1627,404,799,29
1721,1675,9986,27372,165
1722,1675,1329,9131,79
1723,1676,1047,9576,118
1724,1628,6349,10142,501
1725,481,\N,7653,1068
1726,1746,18066,45906,305
1727,1746,12794,25311,332
1728,1746,1185,3979,152
1729,1746,16435,30213,407
1730,1746,13803,24888,687
1731,1626,194,1546,11
1732,1627,36,24,7
1733,1552,2614,7008,174
1734,1552,4452,56769,309
1735,1552,1069,3849,201
1736,796,\N,5683,160
1737,1747,2234,2682,258
1738,1739,\N,6649,113
1739,842,\N,7,7
1740,426,\N,33581,1049
1741,1626,2774,7554,160
1742,1916,\N,8338,1118
1743,2044,\N,5147,429
1744,1498,15255,26235,128
1745,1550,1841,2417,163
1746,1495,\N,1,1
1747,1494,\N,\N,\N
1748,1496,\N,1,1
1749,1748,7055,22558,242
1750,1746,2936,11039,212
1751,1746,21506,41553,348
1752,1626,1309,1685,104
1753,1627,6803,26774,167
1754,1675,274,1470,66
1755,1676,1359,3557,51
1756,1748,8972,8675,198
1757,1748,5773,6404,153
1758,1747,7574,17632,349
1759,1746,12814,30165,447
1760,1746,7711,23831,253
1761,1085,\N,34012,1498
1762,1747,474,648,26
1763,1748,5319,10860,228
1764,1928,\N,23141,319
1765,673,4108,153029,3304
1766,1152,\N,8179,1233
1767,1675,3335,14966,228
1789,147,\N,12546,579
1790,1748,611,1014,89
1791,1676,2690,10678,166
1792,2057,\N,13209,119
1793,1552,13852,88690,335
1794,1675,197,1988,35
1795,1676,40,121,8
1814,73,\N,4,2
1815,490,\N,7,7
1816,505,26625,54031,1003
1817,505,9317,22254,866
1818,505,5267,16479,909
1819,1815,19781,59929,1137
1820,1815,9544,29755,866
1821,1815,44247,102088,989
1822,1815,8215,21711,790
1823,1815,12416,32711,899
1824,1815,5561,23001,788
1825,1815,3801,3028,536
1826,1815,13192,22948,764
1827,502,25765,66200,1198
1837,1815,7025,17506,849
1852,490,\N,\N,\N
1853,1852,2599,8432,533
1854,1852,2318,6501,579
1864,490,\N,\N,\N
1865,1864,3054,2635,433
1866,1864,7907,34535,974
1867,1864,4228,8382,709
1868,1864,5823,13492,495
1869,2112,441,1225,346
1870,490,16300,14573,856
1871,491,2125,23709,484
1872,491,1403,9778,401
1873,681,\N,80524,666
1874,1550,7935,15193,329
1875,1551,10131,43732,334
1876,491,489,8742,322
1877,55,\N,4001,402
1882,1911,\N,19679,916
1883,1494,\N,\N,\N
1884,5,\N,17591,489
1885,195,\N,210453,1306
1886,673,\N,15131,1827
1887,857,\N,25501,713
1888,481,\N,67686,1351
1889,481,\N,80323,1476
1890,561,\N,877,60
1891,845,\N,22435,1184
1892,233,15559,450464,1874
1893,1983,7981,29796,735
1894,1983,75,1075,269
1895,2017,\N,\N,\N
1896,1895,3005,47117,873
1897,1895,2546,8310,652
1898,545,\N,38208,283
1899,1093,685,117735,3367
1900,689,\N,12101,652
1901,155,\N,50501,2051
1902,1917,\N,108288,580
1903,2076,\N,17155,205
1904,842,\N,3315,27
1905,73,\N,70,60
1906,568,\N,37821,599
1907,144,\N,22217,1307
1908,42,\N,14709,412
1909,901,\N,153,138
1910,421,\N,7,7
1911,421,\N,14,11
1912,421,\N,1,1
1913,421,\N,15,13
1914,900,\N,125,8
1915,164,\N,1298,72
1916,4,\N,194,123
1917,4,\N,194,65
1918,4,\N,1,1
1919,844,\N,10803,69
1920,844,\N,23,3
1921,844,\N,4,2
1922,208,\N,\N,\N
1923,680,\N,2,2
1924,680,\N,18,6
1925,680,\N,7,5
1926,680,\N,2,2
1927,558,\N,2,1
1928,558,\N,\N,\N
1929,233,\N,4,4
1930,1929,3830,11341,847
1931,1929,14012,69450,1284
1932,1999,28511,103943,857
1933,1929,7640,30007,907
1934,1929,3637,14500,773
1935,1929,1693,5018,606
1936,1929,5278,16578,772
1937,1929,17276,47346,1108
1938,1929,19091,66055,1149
1939,1929,14223,70281,1211
1940,233,\N,14,13
1941,1940,59545,188644,1144
1942,1940,2147,6979,595
1943,1940,1721,3371,635
1944,1940,4404,15844,754
1945,1940,4282,12045,819
1946,1940,3348,8580,787
1947,1940,2020,4610,697
1948,2017,137434,431211,2239
1949,2017,19551,81261,1067
1950,1940,8798,11866,609
1951,2017,4324,5834,321
1952,233,66723,204138,1555
1953,2017,14393,70271,1775
1954,2382,5889,20693,879
1955,1999,9814,22183,601
1956,2448,48399,252459,1777
1957,2448,3588,12045,1053
1958,1999,1720,9034,678
1959,2017,3290,13306,1015
1960,1999,7021,28256,949
1961,1940,2110,6233,765
1962,1940,2105,9090,824
1963,1940,6240,30786,876
1964,233,5136,10468,873
1965,226,32021,97051,725
1966,233,105705,340781,1629
1967,2380,4679,9054,908
1968,2382,10708,31610,1081
1969,2382,1976,5252,747
1970,2382,868,1269,332
1971,2380,5918,22112,996
1972,1372,4458,35592,1052
1973,2380,5737,12773,715
1974,2380,301,727,276
1975,2382,1189,2187,538
1976,2381,1694,15395,993
1977,2380,3513,13494,1040
1978,1926,\N,67,12
1979,761,\N,19185,936
1980,2076,\N,12702,170
1981,236,\N,27,9
1983,236,\N,4,4
1984,236,\N,2,2
1985,1984,294,2934,646
1986,1126,30663,75104,698
1987,1126,13196,17578,850
1988,1981,17958,49970,829
1989,1126,1078,3322,463
1990,1133,4830,13014,796
1991,1133,1394,5167,722
1992,1133,3677,12517,749
1993,236,\N,1,1
1994,92,496,3544,465
1995,92,2858,9239,646
1996,92,798,3931,669
1997,1126,4292,9656,576
1998,2390,2423,6852,688
1999,233,\N,7,7
2000,1929,8396,20881,896
2001,601,\N,501,90
2002,2042,9764,61018,1214
2003,2042,\N,168159,1657
2004,232,\N,375,8
2005,1999,22590,109080,938
2006,1999,7372,58880,904
2007,1999,1019,6116,611
2008,226,3134,3127,271
2009,2410,26018,75969,1200
2010,2413,2785,13217,669
2011,226,4624,6961,698
2012,1981,9908,13727,458
2013,165,\N,24587,857
2014,67,\N,14108,318
2015,67,\N,44329,315
2016,673,\N,86268,2221
2017,233,\N,9,8
2018,1179,2099,17926,729
2019,2550,20585,24094,744
2020,1093,\N,8206,1670
2021,482,\N,377679,2704
2022,2073,\N,65783,605
2023,2073,\N,38304,670
2027,165,\N,53992,319
2028,2078,\N,24995,261
2029,2078,\N,5829,234
2030,122,\N,135074,2542
2031,481,\N,10171,466
2032,481,\N,8696,398
2034,2064,\N,7212,399
2035,2113,\N,7373,389
2036,175,\N,60008,1225
2037,840,\N,121838,1135
2038,165,\N,167831,831
2039,165,\N,7430,189
2040,2042,\N,12059,674
2041,1357,\N,1,1
2042,1357,\N,3,3
2043,1357,\N,2,2
2044,1357,\N,1,1
2045,205,\N,51,19
2046,761,\N,8461,400
2047,684,\N,3518,375
2048,2080,\N,68959,1336
2049,2080,\N,2026,257
2050,2080,\N,7999,747
2051,574,\N,\N,\N
2052,601,\N,5749,294
2053,1487,\N,16964,417
2054,857,\N,3519,173
2055,144,\N,5,1
2056,426,\N,23,19
2057,460,\N,415,258
2058,421,\N,4,4
2059,448,\N,7,6
2060,42,\N,155,92
2061,42,\N,20,17
2062,19,\N,2,2
2063,19,\N,8,5
2064,42,\N,1832,284
2065,122,\N,12,8
2066,122,\N,1,1
2067,122,\N,1,1
2068,122,\N,3,3
2069,107,\N,258,195
2070,1085,\N,\N,\N
2071,761,\N,6,6
2072,761,\N,16,8
2073,1229,\N,925,211
2074,748,\N,\N,\N
2075,748,\N,1914,328
2076,1230,\N,106,7
2077,1230,\N,66,6
2078,738,\N,\N,\N
2079,816,\N,219,107
2080,816,\N,3,3
2081,195,\N,86161,982
2082,1174,\N,5,5
2083,834,\N,20,14
2084,834,\N,14330,910
2085,834,\N,10554,1248
2086,834,\N,20470,1837
2087,834,\N,23536,1208
2088,2083,\N,40450,1747
2089,2083,\N,14084,605
2090,2083,\N,5826,583
2091,2083,\N,36701,1147
2092,2083,\N,87465,1521
2093,2083,\N,4684,245
2094,2083,\N,5486,760
2095,2083,\N,63515,832
2096,2083,\N,1642,331
2097,2083,\N,6212,649
2098,1087,\N,45923,1462
2099,1087,\N,2789,114
2100,195,\N,31855,1307
2101,195,\N,58291,1244
2102,1357,\N,29792,356
2103,1452,\N,36825,65
2104,1910,\N,167362,2149
2105,823,9183,155715,988
2106,195,\N,58616,1234
2107,673,\N,59428,2636
2108,2017,342,30649,1951
2109,1286,\N,15341,265
2110,673,\N,3292,990
2111,545,\N,2173,151
2112,490,\N,\N,\N
2113,1357,\N,\N,\N
2114,1461,\N,33036,1751
2115,1460,\N,74933,970
2116,1460,\N,13979,534
2117,1460,\N,17411,897
2118,1460,\N,30779,1295
2119,1460,\N,102440,1399
2120,1460,\N,84692,830
2121,1460,\N,109225,952
2122,1460,\N,12645,665
2123,1460,\N,46297,937
2124,1459,\N,210938,2314
2125,1459,\N,22340,1325
2126,1459,\N,40259,2240
2127,1459,\N,65484,2198
2128,1459,\N,9965,947
2129,1459,\N,48764,2334
2130,1459,\N,109714,2204
2131,186,\N,78,77
2132,2131,\N,46474,1351
2133,2131,\N,4845,1399
2134,2131,\N,7007,641
2135,2131,\N,17674,952
2136,71,\N,1739,81
2137,1357,\N,43198,942
2138,2075,\N,70768,918
2139,2043,\N,23416,904
2141,2042,\N,23243,608
2142,186,\N,1,1
2143,2142,\N,51446,1901
2144,2142,\N,15520,1226
2145,2142,\N,24292,1568
2146,2142,\N,33244,1690
2147,195,\N,321160,729
2148,195,\N,372029,1224
2149,2059,\N,53537,2222
2150,248,10821,314285,450
2151,248,\N,14543,398
2152,248,\N,2711,156
2153,248,\N,47581,511
2154,248,\N,11187,387
2155,248,\N,27287,406
2156,248,\N,13194,610
2157,248,\N,15959,400
2158,248,\N,22152,456
2159,248,\N,20217,610
2160,248,\N,38376,416
2161,248,\N,37606,446
2162,2063,\N,6170,705
2163,248,\N,16906,441
2164,689,\N,13684,701
2165,1179,\N,\N,\N
2166,2165,\N,25816,571
2167,2165,\N,13856,462
2168,2165,\N,15071,428
2169,2181,\N,658,274
2170,107,\N,6789,1899
2171,1915,\N,59,1
2172,2171,\N,4064,325
2173,2171,\N,40488,1156
2174,2171,\N,4147,505
2175,2171,\N,2880,530
2176,2171,\N,16977,556
2177,201,\N,\N,\N
2178,2177,\N,112944,354
2179,201,\N,9425,614
2180,561,\N,3104,225
2181,205,\N,\N,\N
2182,823,\N,22876,1784
2183,448,\N,127577,1067
2184,1927,\N,16152,565
2185,2059,\N,378651,1084
2186,165,\N,\N,\N
2187,2186,\N,316002,978
2188,2186,\N,26231,613
2189,2186,\N,11917,352
2190,2186,\N,8116,211
2191,165,\N,58882,1254
2192,165,\N,43127,832
2193,2278,497,28480,1980
2194,844,\N,7384,294
2195,2685,\N,100741,748
2196,2278,\N,6330,622
2197,2076,\N,4352,72
2198,2076,\N,2508,380
2199,1915,\N,4,4
2200,2199,\N,34918,1224
2201,2199,\N,22889,949
2202,2199,\N,15575,963
2203,2199,\N,12147,898
2204,2199,\N,5528,1297
2205,2199,\N,12335,880
2206,2199,\N,28275,1227
2207,77,\N,5484,393
2208,769,\N,198369,262
2209,769,\N,4194,142
2210,769,\N,5,3
2211,2210,\N,7389,176
2212,2210,\N,10490,165
2213,2210,\N,4410,136
2214,769,\N,17117,203
2215,2234,\N,2936,197
2216,2234,\N,9487,172
2217,2077,\N,6,5
2218,800,\N,8064,154
2219,800,\N,1765,135
2220,800,\N,5159,130
2221,800,\N,16410,309
2222,2077,\N,\N,\N
2223,2222,\N,5097,463
2224,2222,\N,4922,381
2225,2222,\N,4635,189
2226,2077,\N,34,2
2227,2226,\N,4711,270
2228,2226,\N,5308,230
2229,2226,\N,6264,259
2230,2226,\N,3788,145
2231,2226,\N,2043,163
2232,2234,\N,2498,123
2233,839,\N,1584,214
2234,2077,\N,7,6
2235,769,\N,22525,132
2236,1915,\N,83,80
2237,2236,\N,129926,1456
2238,2236,\N,183603,1244
2239,2236,\N,107766,862
2240,2236,\N,35332,906
2241,2236,\N,36734,688
2242,2236,\N,45875,894
2243,1915,\N,147,147
2244,2243,\N,7727,1216
2245,2243,\N,3908,1078
2246,2243,\N,7229,1529
2247,2243,\N,2438,395
2248,1915,\N,3,3
2249,2248,\N,1398,296
2250,2248,\N,9593,1749
2251,2248,\N,8350,382
2252,2248,\N,5662,530
2253,2321,\N,28376,1585
2254,2321,\N,15404,1134
2255,2322,\N,22088,1063
2256,2321,\N,2088,416
2257,2322,\N,34256,1350
2258,2322,\N,23412,1676
2259,2322,\N,4823,786
2260,2322,\N,12181,1470
2261,179,\N,28119,2045
2262,778,\N,46746,494
2263,778,\N,91556,637
2264,778,\N,5683,368
2265,778,\N,18449,516
2266,778,\N,25864,509
2267,778,\N,10563,357
2268,2076,\N,21570,347
2269,769,\N,66087,276
2270,2234,\N,24301,1109
2271,769,\N,2395,51
2272,1922,\N,8498,697
2273,2065,\N,23840,810
2274,1814,\N,729020,461
2275,697,\N,52578,235
2276,697,\N,9440,208
2277,1914,\N,25606,1892
2278,680,\N,\N,\N
2279,1923,\N,4727,173
2280,724,\N,3965,228
2281,1923,\N,\N,\N
2282,2281,\N,2833,169
2283,2284,\N,5927,154
2284,1923,\N,1,1
2285,2284,\N,2187,194
2286,816,\N,17865,482
2287,88,\N,2026,463
2288,880,\N,1497,50
2289,561,\N,11841,555
2290,568,\N,5259,170
2291,2322,\N,33887,1826
2292,2075,\N,40403,768
2293,4,\N,35,30
2294,2293,\N,48366,990
2295,42,\N,5874,445
2296,2061,\N,1252,415
2297,2061,\N,2647,886
2298,1085,\N,10972,1343
2299,2060,\N,8754,887
2300,2060,\N,4639,450
2301,42,\N,6791,291
2302,2060,\N,766,268
2303,42,\N,21,21
2304,2303,\N,8927,339
2305,2303,\N,26649,1090
2306,1286,\N,15665,159
2307,1286,\N,7795,176
2308,1286,\N,13128,106
2309,1286,\N,1953,97
2310,1286,\N,6726,180
2311,1286,\N,6048,82
2312,1286,\N,2534,378
2313,248,\N,9777,275
2314,248,\N,12094,275
2315,862,\N,2656,332
2316,505,\N,\N,\N
2317,2316,1401,2870,209
2318,2316,5085,10918,577
2319,496,\N,38905,482
2320,496,\N,30180,771
2321,179,\N,1,1
2322,179,\N,63,53
2323,496,\N,61602,1050
2324,590,\N,3448,227
2325,2068,110,17525,1935
2326,2316,2052,6547,540
2327,236,\N,1,1
2328,2327,\N,26027,384
2329,2327,412,37188,447
2330,2327,1432,42541,304
2331,2327,\N,22535,347
2332,2075,\N,88727,850
2333,663,\N,57349,857
2334,1916,\N,32397,2192
2335,844,\N,\N,\N
2336,2335,\N,1712,471
2337,1916,\N,24996,1860
2338,1915,\N,8431,1577
2339,1929,3222,11125,826
2340,1929,2663,13874,835
2341,1929,758,3371,627
2342,1929,1947,5182,377
2343,684,\N,13081,1185
2344,1485,\N,7959,113
2345,2682,\N,99379,1216
2346,88,\N,4304,483
2347,2327,\N,5018,242
2348,92,1084,8461,659
2349,92,1149,8231,452
2350,92,1585,7212,730
2351,823,\N,3402,555
2352,92,695,2899,688
2353,1983,1240,20335,840
2354,1983,1730,6625,555
2355,778,\N,2087,92
2356,2062,\N,35839,186
2357,1940,3161,9975,611
2358,1940,2067,11025,786
2359,1940,5608,24536,873
2360,2017,2861,16784,847
2361,2017,2907,15941,766
2362,2017,1766,9716,705
2363,1999,1389,6420,542
2364,1999,369,769,93
2365,1133,663,4434,570
2366,2380,2408,4045,432
2367,2381,838,2756,412
2368,2379,\N,5,5
2369,2368,4290,23114,883
2370,2368,1723,9554,663
2371,2368,2234,10968,737
2372,2382,6960,25940,830
2373,1999,5396,19373,883
2374,2378,2337,19091,297
2375,2378,1600,4633,206
2376,2378,1680,8958,253
2377,2378,832,2430,170
2378,92,\N,2,1
2379,232,\N,8,8
2380,2379,\N,8,8
2381,2379,\N,3,1
2382,2379,\N,17,17
2383,1984,3047,25190,713
2384,1984,403,2475,494
2385,2448,1881,7023,767
2386,1984,311,4011,593
2387,482,28,1,1
2388,1984,417,5959,623
2389,1993,284,5559,439
2390,233,\N,3,3
2391,248,288,5744,389
2392,1127,1133,18383,627
2393,1127,4805,42509,806
2394,1127,3016,16681,714
2395,1127,1488,9480,768
2396,1981,422,15597,661
2397,1981,99,3910,613
2398,1981,7196,63114,1136
2399,1981,1478,8058,682
2400,1981,1341,10889,447
2401,1126,288,2181,237
2402,1126,298,707,200
2403,1920,\N,8342,224
2404,226,3925,11620,219
2405,226,\N,2,1
2406,2405,5773,18730,90
2407,2405,2199,2312,130
2408,2405,172,3539,550
2409,226,757,15597,801
2410,226,\N,2,2
2411,2410,393,6653,478
2412,2410,1615,4259,567
2413,226,\N,\N,\N
2414,2413,\N,2009,33
2415,2413,224,703,38
2416,2413,\N,615,19
2417,226,\N,69,56
2418,2417,8669,16813,517
2419,2417,10520,36167,827
2420,2417,4026,16592,668
2421,2417,1246,14258,504
2422,2417,13427,57917,753
2423,2417,2546,12747,330
2424,2417,7650,18734,530
2425,2417,3691,20996,1016
2426,226,\N,1,1
2427,2426,760,1081,163
2428,2426,\N,5952,117
2429,2426,3442,2917,43
2430,2426,5160,2175,146
2431,2426,4227,18033,274
2432,2426,3918,18273,778
2433,2426,\N,45072,1006
2434,226,1113,5595,244
2435,226,\N,3,2
2436,2435,8181,10626,107
2437,2435,1266,3114,102
2438,2435,1210,3339,364
2439,226,\N,\N,\N
2440,2439,5436,10390,235
2441,2439,6800,11782,234
2442,2439,6397,13172,215
2443,2417,958,9062,448
2444,1372,\N,195,19
2445,88,\N,2944,224
2446,1331,549,17720,297
2447,2435,1113,7165,455
2448,233,\N,15,15
2449,205,\N,3,3
2450,2449,\N,4079,468
2451,2449,\N,2575,472
2452,2449,\N,5438,697
2453,2449,\N,2683,547
2454,2449,\N,1840,412
2455,2449,\N,11722,603
2456,2449,\N,831,80
2457,2449,\N,1912,190
2458,205,\N,5,5
2459,2458,\N,6780,209
2460,2458,\N,11228,612
2461,2458,\N,9501,407
2462,205,\N,5,5
2463,2462,\N,790,126
2464,2462,\N,6081,637
2465,2462,\N,2630,185
2466,2462,\N,377,87
2467,2462,\N,2669,71
2468,2462,\N,6837,385
2469,2462,\N,1730,134
2470,2462,\N,647,97
2471,2045,\N,13668,1220
2472,2045,\N,4483,858
2473,2045,\N,2843,676
2474,2045,\N,4343,702
2475,2045,\N,196,43
2476,2045,\N,8331,1076
2477,2045,\N,553,127
2478,2045,\N,254,28
2479,2458,\N,1269,327
2480,1372,\N,1413,452
2481,1372,\N,4661,419
2482,1372,\N,3500,312
2483,1301,\N,1560,481
2484,1301,\N,12653,1035
2485,2181,\N,8559,690
2486,205,\N,1,1
2487,2486,\N,3220,290
2488,205,\N,1,1
2489,2488,\N,3406,216
2490,205,\N,26,26
2491,2490,\N,9141,720
2492,2490,\N,1773,261
2493,2490,\N,29698,1500
2494,2490,\N,18793,899
2495,2490,\N,2411,545
2496,2490,\N,1910,420
2497,2490,\N,2525,484
2498,2490,\N,23932,1122
2499,2490,\N,1563,450
2500,2490,\N,1315,463
2501,2490,\N,5276,610
2502,2490,\N,1795,417
2503,2490,\N,3540,573
2504,205,\N,170,90
2505,2504,\N,62390,1753
2506,2504,\N,44161,1167
2507,2504,\N,41914,1125
2508,2504,\N,12709,793
2509,2504,\N,7522,936
2510,2504,\N,2275,362
2511,205,\N,\N,\N
2512,2511,\N,2036,152
2513,2511,\N,7951,494
2514,2511,\N,6490,190
2515,205,\N,\N,\N
2516,2515,\N,32989,102
2517,2515,\N,26368,110
2518,2515,\N,1513,26
2519,2515,\N,1807,85
2520,2515,\N,2275,86
2521,2515,\N,5692,87
2522,2515,\N,276,20
2523,2515,\N,5208,39
2527,2045,\N,4971,861
2528,1917,\N,7323,208
2529,2449,\N,2405,255
2530,2449,\N,2155,266
2536,226,4912,13813,446
2537,2417,1479,4377,257
2538,761,\N,19070,616
2539,2004,\N,6,6
2540,2539,29173,117678,1084
2541,2539,3932,7273,630
2542,2539,4806,8859,597
2543,2004,\N,\N,\N
2544,2543,17658,40857,471
2545,2543,10275,18495,665
2546,2543,3571,3718,183
2547,2543,\N,557,227
2548,2543,\N,25381,541
2549,2543,\N,2506,151
2550,2004,\N,7,4
2551,2550,\N,187268,1006
2552,2550,\N,13988,461
2553,2550,\N,3864,255
2554,2550,\N,17539,593
2555,2550,\N,10702,492
2556,2550,\N,40989,999
2557,2004,\N,13,13
2558,2557,\N,28368,779
2559,2557,10706,106783,682
2560,2557,\N,8960,758
2561,2557,\N,15164,516
2562,2557,\N,1006,329
2563,2557,\N,1594,243
2564,2623,\N,4103,509
2565,2004,944,7737,469
2566,1920,\N,7575,89
2567,205,\N,\N,\N
2568,2567,\N,2571,832
2569,2567,\N,5926,500
2570,2490,\N,5737,611
2571,1461,\N,1822,169
2572,2626,\N,12497,120
2573,2626,\N,306,19
2574,2626,\N,6260,41
2575,2626,\N,3395,25
2576,2626,\N,4528,31
2577,2626,\N,6541,119
2578,2626,\N,4416,176
2579,2626,\N,1398,51
2580,2626,\N,354,22
2581,2626,\N,1954,63
2582,2626,\N,2414,36
2583,2626,\N,1150,188
2584,1426,\N,\N,\N
2585,1426,\N,\N,\N
2586,558,\N,26151,828
2587,558,\N,4471,317
2588,558,\N,8282,510
2589,558,\N,1943,247
2590,2293,\N,\N,\N
2591,2590,\N,\N,\N
2592,2590,\N,\N,\N
2593,2590,\N,\N,\N
2594,2590,\N,\N,\N
2595,2590,\N,\N,\N
2596,2293,\N,\N,\N
2597,2596,\N,\N,\N
2598,2596,\N,\N,\N
2599,2293,\N,\N,\N
2600,2599,\N,\N,\N
2601,2599,\N,\N,\N
2602,2596,\N,\N,\N
2603,2596,\N,\N,\N
2604,2596,\N,\N,\N
2605,2596,\N,\N,\N
2606,2599,\N,\N,\N
2607,2599,\N,\N,\N
2608,2293,\N,\N,\N
2609,2293,\N,\N,\N
2610,2609,\N,\N,\N
2611,2609,\N,\N,\N
2612,2293,\N,\N,\N
2613,2612,\N,\N,\N
2614,2612,\N,\N,\N
2615,2612,\N,\N,\N
2616,2612,\N,\N,\N
2617,2293,\N,\N,\N
2618,2617,\N,\N,\N
2619,2293,\N,\N,\N
2620,2293,\N,\N,\N
2621,2612,\N,\N,\N
2622,482,5,\N,\N
2623,2004,\N,\N,\N
2624,1093,\N,17550,1582
2625,752,\N,21570,723
2626,67,\N,4,4
2627,2078,\N,520,27
2628,1919,\N,9984,573
2629,1179,\N,1749,275
2630,2490,\N,222,120
2637,2045,533,7649,1190
2638,2068,517,54342,2269
2639,1229,\N,371,134
2640,2639,\N,9,9
2641,1914,\N,25425,1603
2642,2640,\N,56368,1343
2643,2640,\N,18459,1154
2644,2640,\N,2235,369
2645,1459,\N,8045,963
2646,1459,\N,2875,840
2647,2041,\N,3963,81
2648,12,\N,1476,413
2649,2639,\N,8,6
2650,2649,\N,22906,778
2651,1459,\N,16680,1820
2652,2142,\N,7024,554
2653,2142,\N,7639,1188
2654,1459,\N,4006,551
2655,696,\N,\N,\N
2656,2639,\N,5,3
2657,2656,\N,58137,1055
2658,2656,\N,3767,298
2659,696,\N,\N,\N
2660,696,\N,\N,\N
2661,696,\N,\N,\N
2662,696,\N,\N,\N
2663,696,\N,\N,\N
2664,696,\N,\N,\N
2665,2656,\N,2153,217
2666,696,\N,\N,\N
2667,696,\N,\N,\N
2668,696,\N,\N,\N
2669,696,\N,\N,\N
2670,696,\N,\N,\N
2671,696,\N,\N,\N
2672,696,\N,\N,\N
2673,696,\N,\N,\N
2674,696,\N,\N,\N
2675,696,\N,\N,\N
2676,696,\N,\N,\N
2677,696,\N,\N,\N
2678,2639,\N,32,12
2679,2678,\N,46189,1141
2680,2639,\N,1,1
2681,2680,\N,4012,536
2682,2639,\N,68,60
2683,2682,\N,81363,1521
2684,2682,\N,10677,657
2685,2639,\N,207,59
2686,2685,\N,\N,\N
2687,2639,\N,\N,\N
2688,2687,\N,\N,\N
2689,2687,\N,\N,\N
2690,2639,\N,\N,\N
2691,2690,\N,\N,\N
2692,2690,\N,\N,\N
2693,2639,\N,\N,\N
2694,2693,\N,\N,\N
2695,2693,\N,\N,\N
2696,2693,\N,\N,\N
2697,2693,\N,\N,\N
2698,2639,\N,\N,\N
2699,2698,\N,\N,\N
2700,2639,\N,\N,\N
2701,2700,\N,\N,\N
2702,2700,\N,\N,\N
2703,2639,\N,\N,\N
2704,2703,\N,\N,\N
2705,2639,\N,\N,\N
2706,2705,\N,\N,\N
2707,248,\N,\N,\N
2708,1459,\N,\N,\N
2709,1459,\N,\N,\N
2710,1459,\N,\N,\N
2711,1459,\N,\N,\N
2712,1179,\N,\N,\N
2713,1107,\N,\N,\N
2714,1107,\N,\N,\N
2715,1107,\N,\N,\N
2716,2074,\N,\N,\N
2717,2074,\N,\N,\N
2718,1107,\N,\N,\N
2719,1107,\N,\N,\N
2720,1107,\N,\N,\N
2721,1107,\N,\N,\N
2722,1107,\N,\N,\N
2723,1107,\N,\N,\N
2724,1107,\N,\N,\N
2725,1107,\N,\N,\N
2726,1107,\N,\N,\N
2727,2640,\N,\N,\N
2728,1920,\N,\N,\N
