1167,3,900,1085
1168,3,241,253,324
1169,3,241,253,348
1170,3,164,1357,2041
1171,3,164,1357,2041
1173,3,164,1357,2043
1174,3,680
1175,3,680,1174
1176,3,900,107
1177,3,900,107
1178,3,680,1925
1179,3,680
1180,3,680,1179
1181,3,680,1179
1182,3,73,1814,77
1183,3,73,1814
1184,3,73,1814,88
1185,3,73,1814,88
1186,3,73,1814,88
1187,3,73,1814,88
1188,3,73,1814,88
1189,3,680,1179
1190,3,73,1814,88
1191,3,73,1905,945
1192,3,901,144,147
1193,3,844,1920
1194,3,241,525
1195,3,680,1924
1196,3,680,1924,1195
1197,3,680,1924,1195
1198,3,680,1924,1195
1199,3,680,1924,735
1200,3,680,1925
1201,3,164,201
1202,3,164,1357,2044
1203,3,901,1212,481
1204,3,4,67
1886,3,901,663,673
1205,3,574,590
1206,3,901,1212,481
1887,3,844,857
1888,3,901,1212,481
1889,3,901,1212,481
1890,3,558,561
1208,3,574,601
1891,3,844,845
1892,3,232,233
1893,3,232,236,1983
1894,3,232,236,1983
1895,3,232,233,2017
1896,3,232,233,2017,1895
1897,3,232,233,2017,1895
1898,3,241,545
1899,3,901,1093
1900,3,680,1179,689
1901,3,901,1909,155
1902,3,4,1917
1903,3,164,738,1230,2076
1904,3,842
1905,3,73
1906,3,558,568
1907,3,901,144
1908,3,4,42
1909,3,901
1910,3,421
1911,3,421
1912,3,421
1913,3,421
1914,3,900
1915,3,164
1916,3,4
1917,3,4
1918,3,4
1919,3,844
1920,3,844
1921,3,844
1922,3,208
1923,3,680
1924,3,680
1925,3,680
1926,3,680
1927,3,558
1928,3,558
1929,3,232,233
1930,3,232,233,1929
1931,3,232,233,1929
1932,3,232,233,1999
1933,3,232,233,1929
1934,3,232,233,1929
1935,3,232,233,1929
1936,3,232,233,1929
1937,3,232,233,1929
1938,3,232,233,1929
1939,3,232,233,1929
1940,3,232,233
1941,3,232,233,1940
1942,3,232,233,1940
1943,3,232,233,1940
1944,3,232,233,1940
1945,3,232,233,1940
1946,3,232,233,1940
1947,3,232,233,1940
1948,3,232,233,2017
1949,3,232,233,2017
1950,3,232,233,1940
1951,3,232,233,2017
1952,3,232,233
1953,3,232,233,2017
1954,3,232,2379,2382
1955,3,232,233,1999
1956,3,232,233,2448
1957,3,232,233,2448
1958,3,232,233,1999
1959,3,232,233,2017
1960,3,232,233,1999
1961,3,232,233,1940
1962,3,232,233,1940
1963,3,232,233,1940
1964,3,232,233
1965,3,232,226
1966,3,232,233
1967,3,232,2379,2380
1968,3,232,2379,2382
1969,3,232,2379,2382
1970,3,232,2379,2382
1971,3,232,2379,2380
1972,3,164,205,1372
1973,3,232,2379,2380
1974,3,232,2379,2380
1975,3,232,2379,2382
1976,3,232,2379,2381
1977,3,232,2379,2380
1978,3,680,1926
1979,3,164,738,1229,761
1980,3,164,738,1230,2076
1981,3,232,236
1983,3,232,236
1984,3,232,236
1985,3,232,236,1984
1986,3,232,236,1126
1987,3,232,236,1126
1988,3,232,236,1981
1989,3,232,236,1126
1990,3,232,236,1133
1991,3,232,236,1133
1992,3,232,236,1133
1993,3,232,236
1994,3,232,236,92
1995,3,232,236,92
1996,3,232,236,92
1997,3,232,236,1126
1998,3,232,233,2390
1999,3,232,233
2000,3,232,233,1929
2001,3,574,601
2002,3,164,1357,2042
2003,3,164,1357,2042
2004,3,232
2005,3,232,233,1999
2006,3,232,233,1999
2007,3,232,233,1999
2008,3,232,226
2009,3,232,226,2410
2010,3,232,226,2413
2011,3,232,226
2012,3,232,236,1981
2013,3,164,165
2014,3,4,67
2015,3,4,67
2016,3,901,663,673
2017,3,232,233
2018,3,680,1179
2019,3,232,2004,2550
2020,3,901,1093
2021,3,421,482
2022,3,164,738,1229,2073
2023,3,164,738,1229,2073
2027,3,164,165
2028,3,164,738,2078
2029,3,164,738,2078
2030,3,900,122
2031,3,901,1212,481
2032,3,901,1212,481
2034,3,4,42,2064
2035,3,164,1357,2113
2036,3,164,1357,175
2037,3,164,738,1229,840
2038,3,164,165
2039,3,164,165
2040,3,164,1357,2042
2041,3,164,1357
2042,3,164,1357
2043,3,164,1357
2044,3,164,1357
2045,3,164,205
2046,3,164,738,1229,761
871,3,4,71
872,3,842,843
2047,3,680,684
2048,3,164,738,816,2080
2049,3,164,738,816,2080
2050,3,164,738,816,2080
2051,3,574
2052,3,574,601
2053,3,680,681,1487
2054,3,844,857
2055,3,901,144
2056,3,421,426
2057,3,421,460
2058,3,421
2059,3,421,448
2060,3,4,42
2061,3,4,42
2062,3,4,19
2063,3,4,19
2064,3,4,42
2065,3,900,122
2066,3,900,122
2067,3,900,122
2068,3,900,122
2069,3,900,107
2070,3,900,1085
2071,3,164,738,1229,761
2072,3,164,738,1229,761
2073,3,164,738,1229
2074,3,164,738,748
2075,3,164,738,748
2076,3,164,738,1230
2077,3,164,738,1230
2078,3,164,738
2079,3,164,738,816
2080,3,164,738,816
2081,3,164,195
2082,3,680,1174
2083,3,164,738,1229,834
2084,3,164,738,1229,834
2085,3,164,738,1229,834
2086,3,164,738,1229,834
2087,3,164,738,1229,834
2088,3,164,738,1229,834,2083
2089,3,164,738,1229,834,2083
2090,3,164,738,1229,834,2083
2091,3,164,738,1229,834,2083
2092,3,164,738,1229,834,2083
2093,3,164,738,1229,834,2083
2094,3,164,738,1229,834,2083
2095,3,164,738,1229,834,2083
2096,3,164,738,1229,834,2083
2097,3,164,738,1229,834,2083
2098,3,164,738,1229,834,1087
2099,3,164,738,1229,834,1087
2100,3,164,195
2101,3,164,195
2102,3,164,1357
2103,3,164,1357,1452
2104,3,421,1910
2105,3,164,738,823
2106,3,164,195
2107,3,901,663,673
2108,3,232,233,2017
2109,3,4,42,1286
2110,3,901,663,673
2111,3,241,545
2112,3,73,490
2113,3,164,1357
2114,3,164,186,1461
2115,3,164,186,1460
2116,3,164,186,1460
2117,3,164,186,1460
2118,3,164,186,1460
2119,3,164,186,1460
2120,3,164,186,1460
2121,3,164,186,1460
2122,3,164,186,1460
2123,3,164,186,1460
2124,3,164,186,1459
2125,3,164,186,1459
2126,3,164,186,1459
2127,3,164,186,1459
2128,3,164,186,1459
2129,3,164,186,1459
2130,3,164,186,1459
2131,3,164,186
2132,3,164,186,2131
2133,3,164,186,2131
2134,3,164,186,2131
2135,3,164,186,2131
2136,3,4,71
2137,3,164,1357
2138,3,164,738,748,2075
2139,3,164,1357,2043
2141,3,164,1357,2042
2142,3,164,186
2143,3,164,186,2142
2144,3,164,186,2142
2145,3,164,186,2142
2146,3,164,186,2142
2147,3,164,195
2148,3,164,195
2149,3,421,448,2059
2150,3,248
2151,3,248
2152,3,248
2153,3,248
2154,3,248
2155,3,248
2156,3,248
2157,3,248
2158,3,248
2159,3,248
2160,3,248
2161,3,248
2162,3,4,19,2063
2163,3,248
2164,3,680,1179,689
2165,3,680,1179
2166,3,680,1179,2165
2167,3,680,1179,2165
2168,3,680,1179,2165
2169,3,164,205,2181
2170,3,900,107
2171,3,164,1915
2172,3,164,1915,2171
2173,3,164,1915,2171
2174,3,164,1915,2171
2175,3,164,1915,2171
2176,3,164,1915,2171
2177,3,164,201
2178,3,164,201,2177
2179,3,164,201
2180,3,558,561
2181,3,164,205
2182,3,164,738,823
2183,3,421,448
2184,3,558,1927
2185,3,421,448,2059
2186,3,164,165
2187,3,164,165,2186
2188,3,164,165,2186
2189,3,164,165,2186
2190,3,164,165,2186
2191,3,164,165
2192,3,164,165
2193,3,680,2278
2194,3,844
2195,3,164,738,1229,2639,2685
2196,3,680,2278
2197,3,164,738,1230,2076
2198,3,164,738,1230,2076
2199,3,164,1915
2200,3,164,1915,2199
2201,3,164,1915,2199
2202,3,164,1915,2199
2203,3,164,1915,2199
2204,3,164,1915,2199
2205,3,164,1915,2199
2206,3,164,1915,2199
2207,3,73,1814,77
2208,3,164,738,1230,769
2209,3,164,738,1230,769
2210,3,164,738,1230,769
2211,3,164,738,1230,769,2210
2212,3,164,738,1230,769,2210
2213,3,164,738,1230,769,2210
2214,3,164,738,1230,769
2215,3,164,738,1230,2077,2234
2216,3,164,738,1230,2077,2234
2217,3,164,738,1230,2077
2218,3,164,738,1230,2077,800
2219,3,164,738,1230,2077,800
2220,3,164,738,1230,2077,800
2221,3,164,738,1230,2077,800
2222,3,164,738,1230,2077
2223,3,164,738,1230,2077,2222
2224,3,164,738,1230,2077,2222
2225,3,164,738,1230,2077,2222
2226,3,164,738,1230,2077
2227,3,164,738,1230,2077,2226
2228,3,164,738,1230,2077,2226
2229,3,164,738,1230,2077,2226
2230,3,164,738,1230,2077,2226
2231,3,164,738,1230,2077,2226
2232,3,164,738,1230,2077,2234
2233,3,164,738,1230,2077,839
2234,3,164,738,1230,2077
2235,3,164,738,1230,769
2236,3,164,1915
2237,3,164,1915,2236
2238,3,164,1915,2236
2239,3,164,1915,2236
2240,3,164,1915,2236
2241,3,164,1915,2236
2242,3,164,1915,2236
2243,3,164,1915
2244,3,164,1915,2243
2245,3,164,1915,2243
2246,3,164,1915,2243
2247,3,164,1915,2243
2248,3,164,1915
2249,3,164,1915,2248
2250,3,164,1915,2248
2251,3,164,1915,2248
2252,3,164,1915,2248
2253,3,164,179,2321
2254,3,164,179,2321
2255,3,164,179,2322
2256,3,164,179,2321
2257,3,164,179,2322
2258,3,164,179,2322
2259,3,164,179,2322
2260,3,164,179,2322
2261,3,164,179
2262,3,164,738,1230,778
2263,3,164,738,1230,778
2264,3,164,738,1230,778
2265,3,164,738,1230,778
2266,3,164,738,1230,778
2267,3,164,738,1230,778
2268,3,164,738,1230,2076
2269,3,164,738,1230,769
2270,3,164,738,1230,2077,2234
2271,3,164,738,1230,769
2272,3,208,1922
2273,3,900,122,2065
2274,3,73,1814
2275,3,680,1923,697
2276,3,680,1923,697
2277,3,900,1914
2278,3,680
2279,3,680,1923
2280,3,680,1923,724
2281,3,680,1923
2282,3,680,1923,2281
2283,3,680,1923,2284
2284,3,680,1923
2285,3,680,1923,2284
2286,3,164,738,816
2287,3,73,1814,88
2288,3,558,880
2289,3,558,561
2290,3,558,568
2291,3,164,179,2322
2292,3,164,738,748,2075
2293,3,4
2294,3,4,2293
2295,3,4,42
2296,3,4,42,2061
2297,3,4,42,2061
2298,3,900,1085
2299,3,4,42,2060
2300,3,4,42,2060
2301,3,4,42
2302,3,4,42,2060
2303,3,4,42
2304,3,4,42,2303
2305,3,4,42,2303
2306,3,4,42,1286
2307,3,4,42,1286
2308,3,4,42,1286
2309,3,4,42,1286
2310,3,4,42,1286
2311,3,4,42,1286
2312,3,4,42,1286
2313,3,248
2314,3,248
2315,3,844,862
2316,3,73,490,505
2317,3,73,490,505,2316
2318,3,73,490,505,2316
2319,3,73,496
2320,3,73,496
2321,3,164,179
2322,3,164,179
2323,3,73,496
2324,3,574,590
2325,3,900,122,2068
2326,3,73,490,505,2316
2327,3,232,236
2328,3,232,236,2327
2329,3,232,236,2327
2330,3,232,236,2327
2331,3,232,236,2327
2332,3,164,738,748,2075
2333,3,901,663
2334,3,4,1916
2335,3,844
2336,3,844,2335
2337,3,4,1916
2338,3,164,1915
2339,3,232,233,1929
2340,3,232,233,1929
2341,3,232,233,1929
2342,3,232,233,1929
2343,3,680,684
2344,3,558,1485
2345,3,164,738,1229,2639,2682
2346,3,73,1814,88
2347,3,232,236,2327
2348,3,232,236,92
2349,3,232,236,92
2350,3,232,236,92
2351,3,164,738,823
2352,3,232,236,92
2353,3,232,236,1983
2354,3,232,236,1983
2355,3,164,738,1230,778
2356,3,4,19,2062
2357,3,232,233,1940
2358,3,232,233,1940
2359,3,232,233,1940
2360,3,232,233,2017
2361,3,232,233,2017
2362,3,232,233,2017
2363,3,232,233,1999
2364,3,232,233,1999
2365,3,232,236,1133
2366,3,232,2379,2380
2367,3,232,2379,2381
2368,3,232,2379
2369,3,232,2379,2368
2370,3,232,2379,2368
2371,3,232,2379,2368
2372,3,232,2379,2382
2373,3,232,233,1999
2374,3,232,236,92,2378
2375,3,232,236,92,2378
2376,3,232,236,92,2378
2377,3,232,236,92,2378
2378,3,232,236,92
2379,3,232
2380,3,232,2379
2381,3,232,2379
2382,3,232,2379
2383,3,232,236,1984
2384,3,232,236,1984
2385,3,232,233,2448
2386,3,232,236,1984
2387,3,421,482
2388,3,232,236,1984
2389,3,232,236,1993
2390,3,232,233
2391,3,248
2392,3,232,236,1127
2393,3,232,236,1127
2394,3,232,236,1127
2395,3,232,236,1127
2396,3,232,236,1981
2397,3,232,236,1981
2398,3,232,236,1981
2399,3,232,236,1981
2400,3,232,236,1981
2401,3,232,236,1126
2402,3,232,236,1126
2403,3,844,1920
2404,3,232,226
2405,3,232,226
2406,3,232,226,2405
2407,3,232,226,2405
2408,3,232,226,2405
2409,3,232,226
2410,3,232,226
2411,3,232,226,2410
2412,3,232,226,2410
2413,3,232,226
2414,3,232,226,2413
2415,3,232,226,2413
2416,3,232,226,2413
2417,3,232,226
2418,3,232,226,2417
2419,3,232,226,2417
2420,3,232,226,2417
2421,3,232,226,2417
2422,3,232,226,2417
2423,3,232,226,2417
2424,3,232,226,2417
2425,3,232,226,2417
2426,3,232,226
2427,3,232,226,2426
2428,3,232,226,2426
2429,3,232,226,2426
2430,3,232,226,2426
2431,3,232,226,2426
2432,3,232,226,2426
2433,3,232,226,2426
2434,3,232,226
2435,3,232,226
2436,3,232,226,2435
2437,3,232,226,2435
2438,3,232,226,2435
2439,3,232,226
2440,3,232,226,2439
2441,3,232,226,2439
2442,3,232,226,2439
2443,3,232,226,2417
2444,3,164,205,1372
2445,3,73,1814,88
2446,3,73,1331
2447,3,232,226,2435
2448,3,232,233
2449,3,164,205
2450,3,164,205,2449
2451,3,164,205,2449
2452,3,164,205,2449
2453,3,164,205,2449
2454,3,164,205,2449
2455,3,164,205,2449
2456,3,164,205,2449
2457,3,164,205,2449
2458,3,164,205
2459,3,164,205,2458
2460,3,164,205,2458
2461,3,164,205,2458
2462,3,164,205
2463,3,164,205,2462
2464,3,164,205,2462
2465,3,164,205,2462
2466,3,164,205,2462
2467,3,164,205,2462
2468,3,164,205,2462
2469,3,164,205,2462
2470,3,164,205,2462
2471,3,164,205,2045
2472,3,164,205,2045
2473,3,164,205,2045
2474,3,164,205,2045
2475,3,164,205,2045
2476,3,164,205,2045
2477,3,164,205,2045
2478,3,164,205,2045
2479,3,164,205,2458
2480,3,164,205,1372
2481,3,164,205,1372
2482,3,164,205,1372
2483,3,164,205,1301
2484,3,164,205,1301
2485,3,164,205,2181
2486,3,164,205
2487,3,164,205,2486
2488,3,164,205
2489,3,164,205,2488
2490,3,164,205
2491,3,164,205,2490
2492,3,164,205,2490
2493,3,164,205,2490
2494,3,164,205,2490
2495,3,164,205,2490
2496,3,164,205,2490
2497,3,164,205,2490
2498,3,164,205,2490
2499,3,164,205,2490
2500,3,164,205,2490
2501,3,164,205,2490
2502,3,164,205,2490
2503,3,164,205,2490
2504,3,164,205
2505,3,164,205,2504
2506,3,164,205,2504
2507,3,164,205,2504
2508,3,164,205,2504
2509,3,164,205,2504
2510,3,164,205,2504
2511,3,164,205
2512,3,164,205,2511
2513,3,164,205,2511
2514,3,164,205,2511
2515,3,164,205
2516,3,164,205,2515
2517,3,164,205,2515
2518,3,164,205,2515
2519,3,164,205,2515
2520,3,164,205,2515
2521,3,164,205,2515
2522,3,164,205,2515
2523,3,164,205,2515
2527,3,164,205,2045
2528,3,4,1917
2529,3,164,205,2449
2530,3,164,205,2449
2536,3,232,226
2537,3,232,226,2417
2538,3,164,738,1229,761
2539,3,232,2004
2540,3,232,2004,2539
2541,3,232,2004,2539
2542,3,232,2004,2539
2543,3,232,2004
2544,3,232,2004,2543
2545,3,232,2004,2543
2546,3,232,2004,2543
2547,3,232,2004,2543
2548,3,232,2004,2543
2549,3,232,2004,2543
2550,3,232,2004
2551,3,232,2004,2550
2552,3,232,2004,2550
2553,3,232,2004,2550
2554,3,232,2004,2550
2555,3,232,2004,2550
2556,3,232,2004,2550
2557,3,232,2004
2558,3,232,2004,2557
2559,3,232,2004,2557
2560,3,232,2004,2557
2561,3,232,2004,2557
2562,3,232,2004,2557
2563,3,232,2004,2557
2564,3,232,2004,2623
2565,3,232,2004
873,3,421,1911
2566,3,844,1920
2567,3,164,205
2568,3,164,205,2567
2569,3,164,205,2567
2570,3,164,205,2490
2571,3,164,186,1461
2572,3,4,67,2626
2573,3,4,67,2626
2574,3,4,67,2626
2575,3,4,67,2626
2576,3,4,67,2626
2577,3,4,67,2626
2578,3,4,67,2626
2579,3,4,67,2626
2580,3,4,67,2626
2581,3,4,67,2626
2582,3,4,67,2626
2583,3,4,67,2626
2584,3,4,19,1426
2585,3,4,19,1426
2586,3,558
2587,3,558
2588,3,558
2589,3,558
2590,3,4,2293
2591,3,4,2293,2590
2592,3,4,2293,2590
2593,3,4,2293,2590
2594,3,4,2293,2590
2595,3,4,2293,2590
2596,3,4,2293
2597,3,4,2293,2596
2598,3,4,2293,2596
2599,3,4,2293
2600,3,4,2293,2599
2601,3,4,2293,2599
2602,3,4,2293,2596
2603,3,4,2293,2596
2604,3,4,2293,2596
2605,3,4,2293,2596
2606,3,4,2293,2599
2607,3,4,2293,2599
2608,3,4,2293
2609,3,4,2293
2610,3,4,2293,2609
2611,3,4,2293,2609
2612,3,4,2293
2613,3,4,2293,2612
2614,3,4,2293,2612
2615,3,4,2293,2612
2616,3,4,2293,2612
2617,3,4,2293
2618,3,4,2293,2617
2619,3,4,2293
2620,3,4,2293
2621,3,4,2293,2612
2622,3,421,482
2623,3,232,2004
2624,3,901,1093
2625,3,164,738,752
2626,3,4,67
2627,3,164,738,2078
2628,3,844,1919
2629,3,680,1179
2630,3,164,205,2490
2637,3,164,205,2045
2638,3,900,122,2068
2639,3,164,738,1229
2640,3,164,738,1229,2639
2641,3,900,1914
2642,3,164,738,1229,2639,2640
2643,3,164,738,1229,2639,2640
2644,3,164,738,1229,2639,2640
2645,3,164,186,1459
2646,3,164,186,1459
2647,3,164,1357,2041
2648,3,4,12
2649,3,164,738,1229,2639
2650,3,164,738,1229,2639,2649
2651,3,164,186,1459
2652,3,164,186,2142
2653,3,164,186,2142
2654,3,164,186,1459
2655,3,680,694,696
2656,3,164,738,1229,2639
2657,3,164,738,1229,2639,2656
2658,3,164,738,1229,2639,2656
2659,3,680,694,696
2660,3,680,694,696
2661,3,680,694,696
2662,3,680,694,696
2663,3,680,694,696
2664,3,680,694,696
2665,3,164,738,1229,2639,2656
2666,3,680,694,696
2667,3,680,694,696
2668,3,680,694,696
2669,3,680,694,696
2670,3,680,694,696
2671,3,680,694,696
2672,3,680,694,696
2673,3,680,694,696
2674,3,680,694,696
2675,3,680,694,696
2676,3,680,694,696
2677,3,680,694,696
2678,3,164,738,1229,2639
2679,3,164,738,1229,2639,2678
2680,3,164,738,1229,2639
2681,3,164,738,1229,2639,2680
2682,3,164,738,1229,2639
2683,3,164,738,1229,2639,2682
2684,3,164,738,1229,2639,2682
2685,3,164,738,1229,2639
2686,3,164,738,1229,2639,2685
2687,3,164,738,1229,2639
2688,3,164,738,1229,2639,2687
2689,3,164,738,1229,2639,2687
2690,3,164,738,1229,2639
2691,3,164,738,1229,2639,2690
2692,3,164,738,1229,2639,2690
2693,3,164,738,1229,2639
2694,3,164,738,1229,2639,2693
2695,3,164,738,1229,2639,2693
2696,3,164,738,1229,2639,2693
2697,3,164,738,1229,2639,2693
2698,3,164,738,1229,2639
2699,3,164,738,1229,2639,2698
2700,3,164,738,1229,2639
2701,3,164,738,1229,2639,2700
2702,3,164,738,1229,2639,2700
2703,3,164,738,1229,2639
2704,3,164,738,1229,2639,2703
2705,3,164,738,1229,2639
2706,3,164,738,1229,2639,2705
2707,3,248
2708,3,164,186,1459
2709,3,164,186,1459
2710,3,164,186,1459
2711,3,164,186,1459
2712,3,680,1179
2713,3,680,1179,1107
2714,3,680,1179,1107
2715,3,680,1179,1107
2716,3,164,738,748,2074
2717,3,164,738,748,2074
2718,3,680,1179,1107
2719,3,680,1179,1107
2720,3,680,1179,1107
2721,3,680,1179,1107
2722,3,680,1179,1107
2723,3,680,1179,1107
2724,3,680,1179,1107
2725,3,680,1179,1107
2726,3,680,1179,1107
2727,3,164,738,1229,2639,2640
2728,3,844,1920
874,3,164,738,1230,2077,2234
875,3,164,738,1230,778
876,3,164,738,1229,2073
877,3,842,843
878,3,842,843
1209,3,901,1212,481
1210,3,901,1212,481
1211,3,901,1212,481
1212,3,901
1213,3,900,122
1214,3,900,122,2067
1215,3,164,186
1216,3,164,1915,2243
1217,3,680,1174
1219,3,680,1174,1217
1220,3,164,195
1221,3,241,253,368
1222,3,558,561
1223,3,900,122
880,3,558
881,3,558,880
1224,3,241,253,388
1225,3,241,253,388
1226,3,241,253,368,1148
1227,3,241,253,412
1228,3,901,144
1229,3,164,738
1230,3,164,738
1231,3,164,738,2078
1232,3,164,738,2078,1231
1233,3,164,738,816,2079
1234,3,164,738,816,2079
1235,3,164,738,816
882,3,4,1917
883,3,558,561
885,3,558,1927
886,3,901,144
887,3,901,1212,481
888,3,901,1212,481
889,3,901,1212,481
890,3,901,1212,481
891,3,901,1212
892,3,680,684
893,3,421,426
894,3,208,214
895,3,208,214
896,3,208,214
897,3,208,214
898,3,208,214
899,3,844,1919
900,3
901,3
1236,3,900,107,1072
1237,3,900,107,1072
902,3,558,1485
1238,3,164,738,748,2074
1239,3,558,1699
903,3,241,253,368
904,3,901,1298
905,3,164,738,816
906,3,164,738,816
907,3,164,738,816,2079
908,3,844,862
909,3,164,738,1230,2077,2234
910,3,680,684
911,3,900,1914
912,3,900,1914
913,3,900,118
914,3,4,71
915,3,208
916,3,208,214
917,3,421,448,2059
918,3,900,107,115
919,3,844,1919
1240,3,901,1093
920,3,900,107,115
921,3,900,107,115
922,3,900,107,115
923,3,900,107,115
1241,3,900,107,1072
924,3,558,561
1242,3,164,738,1230,739
1243,3,842
1244,3,421,448
925,3,164,205,1301
926,3,164,205,1301
927,3,164,205,1301
930,3,164,205,2515
931,3,164,205,1301
1245,3,901,1093
932,3,842
933,3,901,1298
934,3,558,1699
935,3,4,19
936,3,900,107,2069
937,3,900,107,2069
938,3,558,1699
939,3,680,707
940,3,680,707
942,3,680
943,3,680,1925
944,3,73,1905
945,3,73,1905
946,3,241,253,333
947,3,241,253,333
948,3,901,144,147
949,3,900,118
950,3,900,1085
951,3,900,1085,2070
952,3,901,1909,93
953,3,842,1739
954,3,164,738,1229,761
955,3,164,738,1229,761,2072
956,3,164,738,1229,761,2071
957,3,164,738,1229,761,2071
958,3,164,738,1229,761,2072
959,3,164,738,1229,761,2072
960,3,164,738,1229,761
961,3,164,738,1229,761,2072
962,3,164,738,823
964,3,558,880
965,3,844,1919
966,3,680,1174
967,3,680,1174,1217
968,3,680,1174,1217
969,3,844
970,3,844,969
971,3,164,205,1301
972,3,844,969
973,3,844,969
974,3,844,969
975,3,241,253
976,3,842
977,3,164,738,816,2080
978,3,4,42,2064
979,3,680,1923,699
980,3,680,1923,724
981,3,421,1912
982,3,4,5
983,3,4,19,1426
984,3,4,42,1286
985,3,4,5
986,3,164,738,1229,783
987,3,164,738,1229,2639,2682
988,3,164,738,1229,840
989,3,164,738,1229,840
990,3,164,738,1229,2639,2682
991,3,164,738,1229,840
992,3,164,738,1229,840
993,3,164,738,1229,2639,2690
994,3,164,738,1229,2073
995,3,901,1152
996,3,680
997,3,4,5
998,3,208,209
1246,3,844
999,3,844,857
1000,3,844,1919
1001,3,680,1179,689
1002,3,680,1179,689
1003,3,680,1179,689
1004,3,680,1925
1005,3,680,1179
1006,3,73,490,1852
1247,3,680,1924
1007,3,900,122,2068
1008,3,900,122,2068
1009,3,900,122
1248,3,901,1909
1010,3,680,1174,706
1011,3,680,1174,706
1012,3,680,1174,706
1013,3,680,1174,706
1014,3,680,1174,706
1015,3,680,1174,706
1016,3,680,1174,706
1017,3,901,663
1018,3,241,253,307
1019,3,900,122,2065
1249,3,4,1916
1020,3,164,201
1021,3,1709,1497
1022,3,4,1918
1023,3,844,1919
1024,3,844,1919
1250,3,208,214
1025,3,73,1905
1251,3,900,1914
1026,3,164,205,2181
1027,3,4,42
1028,3,901,663
1252,3,164,738,816
1253,3,421,460
1254,3,421,1913
1029,3,421,1912
1030,3,680,681,1487
1031,3,680,681,1487
1032,3,680,681,1487
1033,3,680,681,1487
1034,3,680,681,1487
1035,3,680,681,1487
1036,3,680,681,1487
1255,3,574,630
1256,3,73,490,491
1257,3,73,490,1852
1258,3,73,490,491
1259,3,73,490,491
1260,3,73,490,491
1261,3,73,490,491
1262,3,73,490,491
1263,3,73,490,491
1264,3,73,490,491
1265,3,73,490,491
1266,3,844
1267,3,164,738,1229,2073
1037,3,900,118
1038,3,680,681
1268,3,844,862
1269,3,73,490,505
1270,3,73,490,505
1271,3,73,490,505
1272,3,73,490,502
1273,3,73,490,502
1274,3,73,490,502
1275,3,164,165
1276,3,164,165,1275
1277,3,164,165,1275
1278,3,164,165,1275
1039,3,901,1909,155
1279,3,248
1280,3,248
1281,3,164,205,2488
1282,3,164,205,2486
1283,3,4,42,1286
1284,3,164,195
1285,3,164,195
1286,3,4,42
1287,3,4,42,1286
1288,3,4,42,1286
1289,3,4,42,1286
1290,3,4,42,1286
1291,3,900,122,2068
1292,3,4,1916
1293,3,164,738,1229,761,2072
1294,3,164,738,1230,2077,839
1295,3,164,738,1230,2077,839
1296,3,680,1179
1297,3,842
1298,3,901
1299,3,901,1298
1300,3,164,738,1229,761
1301,3,164,205
1302,3,164,201
1303,3,241,545
1304,3,164,738,748,754
1305,3,164,738,748,754
1306,3,164,1915,2199
1307,3,164,205,2045
1308,3,164,186,1461
1309,3,164,186,1459
1310,3,900,107,2069
1311,3,900,1914
1312,3,241,545
1313,3,164,738,2078
1314,3,844,845
1315,3,558,1928
1316,3,901,663
1317,3,901,663,673
1318,3,842
1319,3,842,1447
1320,3,842,1739
1321,3,164,738,2078
1322,3,164,201
1323,3,164,201
1040,3,232,236,1981
1324,3,680,1924,708
1325,3,558,1485
1041,3,901,1909,93
1042,3,842
1043,3,558,568
1044,3,558,568
1045,3,164,201
1046,3,4,19,1426
1047,3,4,42,2060
1048,3,4,42,2060
1049,3,4,19,1426
1050,3,4,19
1326,3,164,738,816
1327,3,164,738,1229,2639
1328,3,421,460
1051,3,248,1155
1052,3,241,506
1329,3,248
1330,3,164,738,1230,2077,807
1331,3,73
1332,3,4,19,2062
1333,3,558,880
1334,3,558,1699
1335,3,164,165
1336,3,164,201
1337,3,842,1318
1338,3,842,1318
1339,3,4,5
1340,3,901,1093
1341,3,901,1093
1342,3,680,684
1343,3,164,738,752
1344,3,164,738,752
1345,3,164,738,752
1346,3,164,738,752
1347,3,164,738,752
1348,3,164,738,752
1349,3,842,843
1350,3,4,42,2303
1351,3,844,862
1352,3,844,1920
1353,3,232,2379,2381
1354,3,164,738,748,2074
1355,3,164,738,748,2075
1356,3,164,1357,2044
1357,3,164
1358,3,164,738,823
1359,3,164,1357,2041
1360,3,844,865
1361,3,844,865
1362,3,164,205,1372
1363,3,241,525
1364,3,241,525
1365,3,73,1905,945
1366,3,73,1905,945
1367,3,73,1905,945
1368,3,73,1905,945
1369,3,844,865
1370,3,844,865
1371,3,844,865
1372,3,164,205
1373,3,558
1374,3,558,1373
1375,3,844,862
1376,3,208,1922
1377,3,208,1922
1378,3,4,1916
1379,3,680,1174
1380,3,164,738,2078
1381,3,558,1928
1382,3,164,1357,2042
1383,3,73,1331
1384,3,73,1331
1385,3,73,1331
1386,3,73,1331
1387,3,73,1331
1388,3,73,1331
1389,3,73,1331
1390,3,73,1331
1391,3,73,1331
1392,3,73,1331
1393,3,73,1331
1053,3,241,242
1394,3,901,1909,155
1395,3,844,1919
1396,3,421,1913
1397,3,901,1909,93
1398,3,844
1399,3,844,1398
1400,3,844,1398
1401,3,421,426,2056
1054,3,901,1298
1055,3,901,1298
1056,3,680,681
1402,3,164,738,1230,2076
1403,3,901,1298
1404,3,4,67
1405,3,680,684
1406,3,164,205,1301
1407,3,164,738,748,796
1408,3,164,738,748,796
1409,3,421,1910
1410,3,232,226,2426
1411,3,232,226,2405
1412,3,232,226
1413,3,164,205,2511
1414,3,232,226
1415,3,164,249
1420,3,73,490,505
1421,3,680,1174
1422,3,241,506
1423,3,4,1916
1424,3,164,1915,2243
1425,3,73,1814,88
1426,3,4,19
1427,3,900,107
1428,3,164,205,1301
1429,3,844,845
1430,3,164,1357,175
1431,3,901,663,673
1432,3,164,738,748
1433,3,680,684
1434,3,844,857
1435,3,680,1174
1436,3,680,681
1058,3,164,738,1230,739
1059,3,164,738,823
1060,3,164,738,1230,769
1062,3,900,118
1437,3,901,663,673
1438,3,4,19,2063
1439,3,558,561
1440,3,558,561
1441,3,164,1915,2199
1442,3,164,738,1229,2073
1443,3,241,253,348,360
1444,3,558,1485
1445,3,680,2278
1446,3,844,2335
1447,3,842
1448,3,901,1909,155
1063,3,421,460
1064,3,421,1913
1449,3,164,738,1230,739
1450,3,164,1357,174
1451,3,164,1357,174
1452,3,164,1357
1453,3,164,1357,2044
1454,3,164,1357,2043
1455,3,164,1357,2043
1456,3,4,1917
1457,3,680
1458,3,164,205,1301
1459,3,164,186
1460,3,164,186
1461,3,164,186
1462,3,680,1174
1463,3,680,1174
1065,3,900,118
1464,3,164,738,748
1066,3,844,1398
1067,3,164,738,1229,783
1068,3,900,118
1069,3,680,1174,2082
1070,3,900,122,2066
1071,3,844,1920
1072,3,900,107
1073,3,164,738,2078
1074,3,901,1909
1465,3,900,1085,2070
1466,3,900,1085,2070
1467,3,164,186,1461
1468,3,164,186,1461
1469,3,164,186,1460
1470,3,164,186,1459
1471,3,164,186,1459
1472,3,421,426,2056
1473,3,232,226,2417
1474,3,73,496
1475,3,164,738,1229,761,2071
1476,3,4,5
1477,3,900,118
1478,3,208,209
1479,3,164,738,748,2075
1480,3,680,1179,689
1482,3,164,738,1229,761,2071
1484,3,901,144,147
1485,3,558
1486,3,558,1485
1487,3,680,681
1488,3,680,681,1487
1489,3,842,1739
1490,3,164,201
1491,3,164,1357
1492,3,558,568
1493,3,901,1212
1494,3,1709
1495,3,1709
1496,3,1709
1497,3,1709
1498,3,1709,1494
1499,3,1709,1494
1500,3,1709,1494
1501,3,1709,1494
1502,3,1709,1494,1883
1503,3,1709,1494
1504,3,1709,1494,1498
1505,3,1709,1494,1498
1506,3,1709,1494,1498
1507,3,1709,1494,1498
1508,3,1709,1494,1498
1509,3,1709,1494,1498
1510,3,1709,1494,1498
1511,3,1709,1494,1498
1512,3,1709,1494,1498
1513,3,1709,1494,1498
1514,3,1709,1494,1498
1515,3,1709,1494,1498
1516,3,1709,1494,1498
1517,3,1709,1494,1498
1518,3,1709,1494,1499
1519,3,1709,1494,1499
1520,3,1709,1494,1499
1521,3,1709,1494,1499
1522,3,1709,1494,1499
1523,3,1709,1494,1499
1524,3,1709,1494,1499
1525,3,1709,1494,1499
1526,3,1709,1494,1499
1527,3,1709,1494,1500
1528,3,1709,1494,1500
1529,3,1709,1494,1500
1530,3,1709,1494,1503
1531,3,1709,1494,1503
1532,3,1709,1494,1503
1533,3,1709,1494,1503
1534,3,1709,1494,1503
1535,3,1709,1494,1503
1536,3,1709,1494,1503
1537,3,1709,1494,1503
1538,3,1709,1494,1501
1539,3,1709,1494,1501
1540,3,1709,1494,1501
1541,3,1709,1494,1501
1542,3,1709,1494,1501
1543,3,1709,1494,1501
1544,3,1709,1494,1501
1545,3,1709,1494,1501
1546,3,1709,1494,1501
1547,3,1709,1494,1501
1548,3,1709,1494,1883
1549,3,1709,1494,1501
1550,3,1709,1496
1551,3,1709,1496
1552,3,1709,1496
1553,3,1709,1496,1550
1554,3,1709,1496,1550
1555,3,1709,1496,1550
1556,3,1709,1496,1550
1557,3,1709,1496,1552
1558,3,1709,1496,1552
1559,3,1709,1496,1552
1560,3,1709,1496,1552
1561,3,1709,1496,1552
1562,3,1709,1496,1552
1563,3,1709,1496,1552
1564,3,1709,1496,1552
1565,3,1709,1496,1552
1566,3,1709,1496,1552
1567,3,1709,1496,1550
1568,3,1709,1496,1550
1569,3,1709,1496,1550
1570,3,1709,1496,1550
1571,3,1709,1496,1550
1572,3,1709,1496,1550
1573,3,1709,1496,1550
1574,3,1709,1496,1550
1575,3,1709,1496,1550
1576,3,1709,1496,1550
1577,3,1709,1496,1550
1578,3,1709,1496,1550
1579,3,1709,1496,1550
1580,3,1709,1496,1550
1581,3,1709,1496,1550
1582,3,1709,1496,1551
1583,3,1709,1496,1551
1584,3,1709,1496,1551
1585,3,1709,1496,1551
1586,3,1709,1496,1551
1587,3,1709,1496,1551
1588,3,1709,1496,1551
1589,3,1709,1496,1551
1590,3,1709,1496,1551
1591,3,1709,1496,1551
1592,3,1709,1496,1551
1593,3,1709,1496,1551
1594,3,1709,1496,1551
1595,3,1709,1496,1551
1596,3,1709,1495
1597,3,1709,1495
1598,3,1709,1495,1596
1599,3,1709,1495,1596
1600,3,1709,1495,1596
1601,3,1709,1495,1596
1602,3,1709,1495,1596
1603,3,1709,1495,1596
1604,3,1709,1495,1596
1605,3,1709,1495,1596
1606,3,1709,1495,1596
1607,3,1709,1495,1596
1608,3,1709,1495,1596
1609,3,1709,1495
1610,3,1709,1495
1611,3,1709,1495,1610
1612,3,1709,1495,1610
1613,3,1709,1495,1610
1614,3,1709,1497
1615,3,1709,1497
1616,3,1709,1495,1609
1617,3,1709,1495,1609
1618,3,1709,1495,1609
1619,3,1709,1495,1597
1620,3,1709,1495,1597
1621,3,1709,1495,1597
1622,3,1709,1495,1597
1623,3,1709,1495,1597
1624,3,1709,1495,1597
1625,3,1709
1626,3,1709,1625
1627,3,1709,1625
1628,3,1709,1497
1629,3,1709,1497
1630,3,1709,1497
1631,3,1709,1497
1632,3,1709,1497
1633,3,1709,1497
1634,3,1709,1497,1628
1635,3,1709,1497,1628
1636,3,1709,1497,1628
1637,3,1709,1497,1628
1638,3,1709,1497,1628
1639,3,1709,1497,1628
1640,3,1709,1497,1628
1641,3,1709,1494,1747
1642,3,1709,1494,1747
1643,3,1709,1495,1746
1644,3,1709,1496,1748
1645,3,1709,1496,1748
1646,3,1709,1496,1748
1647,3,1709,1496,1748
1648,3,1709,1496,1748
1649,3,1709,1494,1747
1650,3,1709,1494,1747
1651,3,1709,1494,1747
1652,3,1709,1494,1747
1653,3,1709,1496,1748
1654,3,1709,1625,1626
1655,3,1709,1625,1626
1656,3,1709,1625,1626
1657,3,1709,1625,1626
1658,3,1709,1625,1626
1659,3,1709,1625,1626
1660,3,1709,1625,1626
1661,3,1709,1625,1626
1662,3,1709,1625,1626
1663,3,1709,1625,1626
1664,3,1709,1625,1626
1665,3,1709,1625,1626
1666,3,1709,1625,1627
1667,3,1709,1625,1627
1668,3,1709,1625,1627
1669,3,1709,1625,1627
1670,3,1709,1625,1627
1671,3,1709,1625,1627
1672,3,1709,1625,1627
1673,3,1709,1625,1627
1674,3,1709,1625
1675,3,1709,1625
1676,3,1709,1625
1677,3,1709,1625,1675
1678,3,1709,1625,1675
1679,3,1709,1625,1675
1680,3,1709,1625,1675
1681,3,1709,1625,1675
1682,3,1709,1625,1675
1683,3,1709,1625,1675
1684,3,1709,1625,1675
1685,3,1709,1625,1675
1686,3,1709,1625,1675
1687,3,1709,1625,1676
1688,3,1709,1625,1676
1689,3,1709,1625,1676
1690,3,1709,1625,1676
1691,3,1709,1625,1676
1692,3,1709,1625,1676
1693,3,1709,1625,1676
1694,3,1709,1625,1676
1695,3,1709,1625,1627
1696,3,1709,1494,1747
1697,3,1709,1494,1747
1698,3,1709,1496,1552
1699,3,558
1700,3,558,1699
1701,3,680,1925
1702,3,680,1925
1703,3,1709,1496,1551
1704,3,1709,1496,1551
1705,3,1709,1496,1551
1706,3,232,236,92
1707,3,73,1814,88
1708,3,421,460,2057
1709,3
1710,3,164,738,1230,769
1711,3,164,1357,1452
1712,3,421,426,2056
1713,3,900,1914
1714,3,680,1174,1217
1715,3,1709,1495,1746
1716,3,1709,1496,1552
1717,3,1709,1625,1626
1718,3,1709,1625,1626
1719,3,1709,1625,1626
1720,3,1709,1625,1627
1721,3,1709,1625,1675
1722,3,1709,1625,1675
1723,3,1709,1625,1676
1724,3,1709,1497,1628
1725,3,901,1212,481
1726,3,1709,1495,1746
1727,3,1709,1495,1746
1728,3,1709,1495,1746
1729,3,1709,1495,1746
1730,3,1709,1495,1746
1731,3,1709,1625,1626
1732,3,1709,1625,1627
1733,3,1709,1496,1552
1734,3,1709,1496,1552
1735,3,1709,1496,1552
1736,3,164,738,748,796
1737,3,1709,1494,1747
1738,3,842,1739
1739,3,842
1740,3,421,426
1741,3,1709,1625,1626
1075,3,558,1928
1076,3,574,651
1077,3,73,1814
1078,3,73,1814
1079,3,421,426
1742,3,4,1916
1743,3,164,1357,2044
1744,3,1709,1494,1498
1745,3,1709,1496,1550
1746,3,1709,1495
1747,3,1709,1494
1748,3,1709,1496
1749,3,1709,1496,1748
1750,3,1709,1495,1746
1751,3,1709,1495,1746
1752,3,1709,1625,1626
1753,3,1709,1625,1627
1754,3,1709,1625,1675
1755,3,1709,1625,1676
1756,3,1709,1496,1748
1757,3,1709,1496,1748
1758,3,1709,1494,1747
1759,3,1709,1495,1746
1760,3,1709,1495,1746
1761,3,900,1085
1762,3,1709,1494,1747
1763,3,1709,1496,1748
1764,3,558,1928
1765,3,901,663,673
1766,3,901,1152
1767,3,1709,1625,1675
1789,3,901,144,147
1790,3,1709,1496,1748
1791,3,1709,1625,1676
1792,3,421,460,2057
1793,3,1709,1496,1552
1794,3,1709,1625,1675
1795,3,1709,1625,1676
1814,3,73
1815,3,73,490
1816,3,73,490,505
1817,3,73,490,505
1818,3,73,490,505
1819,3,73,490,1815
1820,3,73,490,1815
1821,3,73,490,1815
1822,3,73,490,1815
1823,3,73,490,1815
1824,3,73,490,1815
1825,3,73,490,1815
1826,3,73,490,1815
1827,3,73,490,502
1837,3,73,490,1815
1852,3,73,490
1853,3,73,490,1852
1854,3,73,490,1852
1864,3,73,490
1865,3,73,490,1864
1866,3,73,490,1864
1867,3,73,490,1864
1868,3,73,490,1864
1869,3,73,490,2112
1870,3,73,490
1871,3,73,490,491
1872,3,73,490,491
1873,3,680,681
1874,3,1709,1496,1550
1875,3,1709,1496,1551
1876,3,73,490,491
1877,3,4,55
1080,3,421,426
1081,3,421,426,2056
3
4,3
5,3,4
6,3,4,5
7,3,4,5
8,3,4,5
9,3,4,5
10,3,4,5
11,3,4,1918
12,3,4
13,3,4,12
14,3,4,12
15,3,4,12
16,3,4,12
17,3,4,12
18,3,4,12
19,3,4
20,3,4,19,2063
21,3,4,19
22,3,4,19
1082,3,844
23,3,4,19
24,3,4,19
25,3,4,19
26,3,4,19,2062
27,3,4,19
28,3,4,19
29,3,4,42,2061
30,3,4,19
31,3,4,19,2062
32,3,4,19
33,3,4,19
34,3,4,19
35,3,4,19
36,3,4
37,3,4,36
38,3,4,36
39,3,4,36
40,3,4,36
41,3,4,36
42,3,4
43,3,4,1916
44,3,4,2293
45,3,4,19
46,3,4,42,2060
47,3,4,42,2061
48,3,4,42,2064
49,3,4,1916
50,3,4,42
51,3,4,42,2060
52,3,4,42,1286
53,3,4,42,2303
54,3,4,42,2060
55,3,4
56,3,4,55
57,3,4,55
58,3,4,55
59,3,4,55
60,3,4,55
61,3,4,55
62,3,4,55
63,3,4,55
64,3,4,55
65,3,4,55
66,3,4,1917
67,3,4
68,3,4,67
69,3,4,67
70,3,4,1918
71,3,4
72,3,4,2293
73,3
74,3,73,1814
75,3,73,1814
76,3,73,1814
77,3,73,1814
78,3,73,1814,77
79,3,73,1814,77
80,3,73,1814,77
81,3,73
82,3,73,81
83,3,73,81
84,3,73,81
85,3,73,81
86,3,73,81
87,3,73,1814
88,3,73,1814
89,3,73,1814,88
90,3,73,1814,88
91,3,73,1814
92,3,232,236
93,3,901,1909
94,3,901,1909,93
95,3,901,1093
96,3,901,1093
97,3,901,1909,93
98,3,901,1909,93
99,3,901,1909,93
100,3,901,1909,93
101,3,901,1909,93
102,3,901,1909,93
103,3,901,1093
104,3,901,1093
105,3,901,1093
106,3,901,1909,93
107,3,900
108,3,900,107
109,3,900,118
110,3,900,107
111,3,900,1085
112,3,900,107
113,3,900,1085
114,3,900,1085
115,3,900,107
116,3,900,107
117,3,900,1085
118,3,900
119,3,900,118
120,3,900,118
121,3,900,118
122,3,900
123,3,900,1914
124,3,900,1914
125,3,900,107
126,3,900,1914
127,3,900,122,2065
128,3,900,122,2068
129,3,900,122,2066
130,3,900,122,2065
131,3,900,122,2066
132,3,900,122,2067
133,3,900,122
134,3,900,1914
135,3,900,122,2067
136,3,900,122,2066
137,3,900,122,2065
138,3,900,122,2065
139,3,900,122,2067
140,3,900,122,2066
141,3,900,122,2068
142,3,900,122
143,3,900,122
144,3,901
145,3,558,1927
146,3,901,144,2055
147,3,901,144
148,3,901,144
149,3,901,144,2055
150,3,901,144,2055
151,3,901,144,147
152,3,901,144
153,3,901,144,147
154,3,901,144
155,3,901,1909
156,3,901,1909,155
157,3,901,1909,155
158,3,901,1909,155
159,3,901,1909
160,3,901,144
161,3,901,1909
162,3,901,1909
163,3,901,1909
1083,3,844,1919
164,3
165,3,164
167,3,164,165
168,3,164,165
169,3,164,201,2177
170,3,164,1357,2042
171,3,164,1357,2043
172,3,164,1357,1452
173,3,164,1357,1452
174,3,164,1357
175,3,164,1357
176,3,164,1357,1452
177,3,164,1357,1452
178,3,164,1357,1452
179,3,164
182,3,164,179,2321
183,3,164,179
184,3,164,179
185,3,164,179,2321
186,3,164
187,3,164,186,1460
188,3,164,186,1459
189,3,164,186
190,3,164,186,1459
191,3,164,186,2142
192,3,164,186,1459
193,3,164,1915,2243
194,3,208,215
195,3,164
196,3,164,195
197,3,164,195
198,3,164,195
199,3,164,195
200,3,164,195
201,3,164
202,3,164,201,2177
203,3,164,201
204,3,164,201,2177
205,3,164
206,3,164,205,1301
207,3,164,205,1301
208,3
209,3,208
210,3,208,209
211,3,208,209
212,3,208,209
213,3,208,209
214,3,208
215,3,208
218,3,208,215
219,3,208,1922
220,3,208,1922
221,3,208,215
222,3,208,215
223,3,208,215
224,3,208,215
225,3,208,215
226,3,232
227,3,208,215
228,3,232,2004,2550
229,3,208,215
230,3,208,215
231,3,844,862
232,3
233,3,232
234,3,232,233,1999
235,3,232,2379,2381
236,3,232
237,3,232,236,1981
238,3,232,236,1127
239,3,232,236,1983
241,3
242,3,241
243,3,241,242
244,3,241,242
245,3,241,242
246,3,241,242
247,3,241,242
248,3
249,3,164
250,3,164,249
251,3,164,249
252,3,164,249
253,3,241
254,3,241,253
255,3,241,253,254
256,3,241,253,254
257,3,241,253,254
258,3,241,253,254
259,3,241,253,254
260,3,241,253,254
261,3,241,253,254
262,3,241,253,254
263,3,241,253,254
264,3,241,253,254
265,3,241,253,254
266,3,241,253,254
267,3,241,253,254
268,3,241,253,254
269,3,241,253,254
270,3,241,253,254
271,3,241,253,254
272,3,241,253,254
273,3,241,253,254
274,3,241,253,254
275,3,241,253
276,3,241,253,275
277,3,241,253,275
278,3,241,253,275
279,3,241,253,275
280,3,241,253,275
281,3,241,253,275
282,3,241,253,275
283,3,241,253,275
284,3,241,253,275
285,3,241,253,275
286,3,241,253,275
287,3,241,253,275
288,3,241,253,275
289,3,241,253,275
290,3,241,253
291,3,241,253,290
292,3,241,253,290
293,3,241,253,290
294,3,241,253,290
295,3,241,253,290
296,3,241,253,290
297,3,241,253,290
298,3,241,253,290
299,3,241,253,290
300,3,241,253,290
301,3,241,253,290
302,3,241,253
303,3,241,253,302
304,3,241,253,302
305,3,241,253,302
306,3,241,253,302
307,3,241,253
308,3,241,253,307
309,3,241,253,307
310,3,241,253,307
311,3,241,253,307
312,3,241,253,307
313,3,241,253,307
314,3,241,253,307
315,3,241,253,307
316,3,241,253,307
317,3,241,253,307
318,3,241,253,307
319,3,241,253,307
320,3,241,253,307
321,3,241,253,307
322,3,241,253,307
323,3,241,253,307
324,3,241,253
325,3,241,253,324
326,3,241,253,324
327,3,241,253,324
328,3,241,253,324
329,3,241,253,324
330,3,241,253,324
331,3,241,253,324
332,3,241,253,324
333,3,241,253
334,3,241,253,333
335,3,241,253,333
336,3,241,253,333
337,3,241,253,333
338,3,241,253,333
339,3,241,253,333
340,3,241,253,333
341,3,241,253
342,3,241,253,341
343,3,241,253,341
344,3,241,253,341
345,3,241,253,341
346,3,241,253,341
347,3,241,253,341
348,3,241,253
349,3,241,253,348
350,3,241,253,348
351,3,241,253,348
352,3,241,253,348
353,3,241,253,348
354,3,241,253,348
355,3,241,253,348
356,3,241,253,348
357,3,241,253,348
358,3,241,253,348
359,3,241,253,348
360,3,241,253,348
361,3,241,253
362,3,241,253,361
363,3,241,253,361
364,3,241,253,361
365,3,241,253,361
366,3,241,253,361
367,3,241,253,361
368,3,241,253
369,3,241,253,368,1148
370,3,241,253,368,1148
371,3,241,253,368,1148
372,3,241,253,368
373,3,241,253,368
374,3,241,253,368
375,3,241,253,368
376,3,241,253,368
377,3,241,253,368
378,3,241,253,368
379,3,241,253
380,3,241,253,379
381,3,241,253,379
382,3,241,253,379
383,3,241,253,379
384,3,241,253,379
385,3,241,253,388
386,3,241,253,379
387,3,241,253,379
388,3,241,253
389,3,241,253,388
390,3,241,253,388
391,3,241,253,388
392,3,241,253,388
393,3,241,253,388
394,3,241,253,388
395,3,241,253,388
396,3,241,253,388
397,3,241,253,388
398,3,241,253,388
399,3,241,253,388
400,3,241,253,388
401,3,241,253,388
402,3,241,253,388
403,3,241,253,388
404,3,241,253,388
405,3,241,253,388
406,3,241,253,388
407,3,241,253,388
408,3,241,253,388
409,3,241,253,388
410,3,241,253,388
411,3,241,253,388
412,3,241,253
413,3,241,253,348,360
414,3,241,253,348,360
415,3,241,253,412
416,3,241,253,412
417,3,241,253,412
418,3,241,253,412
419,3,558,561
420,3,241,253
421,3
422,3,421,1910
423,3,421,1910
424,3,421,1910
425,3,421,1910
426,3,421
427,3,421,426
428,3,421,426
429,3,421,426
430,3,421,426
431,3,421,460
432,3,421,426,2056
433,3,421,426
434,3,421,1912
435,3,421,426
436,3,421,426,2056
437,3,421,426
438,3,421,448
439,3,421,448,2059
440,3,421,2058
441,3,208,1922
442,3,844,845
443,3,421,2058
444,3,421,1913
445,3,421,1911
446,3,421,1911
447,3,421,448
448,3,421
450,3,901,663,673
451,3,421,448
452,3,421,448
453,3,421,448
454,3,421,448,2059
455,3,421,448,2059
456,3,421,2058
457,3,421,448
458,3,421,2058
459,3,421
460,3,421
461,3,421,460
462,3,421,460
463,3,421,460,2057
464,3,421,460
465,3,421,460
466,3,421,460,2057
467,3,421,460,2057
468,3,421,460
469,3,421,460
470,3,421,460,2057
471,3,421,460,2057
472,3,421,460,2057
473,3,421,1913
474,3,901,1909
475,3,421,1913
476,3,421,1911
477,3,421,1911
478,3,421,1913
479,3,421,1913
480,3,901,1212
481,3,901,1212
482,3,421
483,3,421,482
484,3,421,482
485,3,421,482
486,3,901,144
487,3,901,1093
488,3,901,144,147
489,3,901,144,147
490,3,73
491,3,73,490
492,3,900,1085
493,3,73,490,1108
494,3,73,490,505
495,3,73,490,1108
496,3,73
497,3,73,496
498,3,73,496
499,3,73,490,505
500,3,73,490,505,2316
501,3,73,490,505,2316
502,3,73,490
503,3,73,490,502
504,3,73,490,502
505,3,73,490
506,3,241
507,3,241,506
508,3,241,506
509,3,241,506
510,3,241,506
511,3,241,506
512,3,241,506
513,3,241,506
514,3,241,506
515,3,241,506
516,3,241,506
517,3,241,506
518,3,241,506
519,3,241,506
520,3,241,506
521,3,241,506
522,3,241,506
523,3,241,506
524,3,241,506
525,3,241
526,3,241,525
527,3,241,525
528,3,241,525
529,3,241,525
530,3,241,525
531,3,241,525
532,3,241,525
533,3,241,525
534,3,241,525
535,3,241,525
536,3,241,525
537,3,241,525
538,3,241,525
539,3,241,525
540,3,241,525
541,3,241,525
542,3,241,525
543,3,241,525
544,3,241,525
545,3,241
546,3,241,545
547,3,241,545
548,3,241,545
549,3,241,545
550,3,241,545
551,3,241,545
552,3,241,545
553,3,558,1928
554,3,1709,1497
556,3,558,1373
557,3,558,561
558,3
559,3,558
561,3,558
562,3,558,561
563,3,558,561
564,3,558,561
565,3,558,561
566,3,558,561
567,3,558,561
568,3,558
569,3,558,1485
570,3,558
571,3,558,1927
572,3,558,1927
573,3,558,561
574,3
575,3,574
576,3,574,575
577,3,574,575
578,3,574,575
579,3,574,575
580,3,574,575
581,3,574,575
582,3,574
583,3,574,582
584,3,574,582
585,3,574,2051
586,3,574,582
587,3,574,2051
588,3,574,582
589,3,574,2051
590,3,574
591,3,574,590
592,3,574,590
593,3,574,590
594,3,574,590
595,3,574,651
596,3,574,590
597,3,574,590
598,3,574,590
599,3,574,590
600,3,574,590
601,3,574
602,3,574,601
603,3,574,601
604,3,574,601
605,3,574,601
606,3,574,601
607,3,574,601
608,3,574,601
609,3,574,601
610,3,574,601
611,3,574
612,3,574,611
613,3,574,611
614,3,574,611
616,3,574
617,3,574,616
618,3,574,616
619,3,574,616
620,3,574,616
621,3,574
622,3,574,621
623,3,574,621
624,3,574,621
625,3,574,621
626,3,574,621
627,3,574,621
628,3,574,621
629,3,574,621
630,3,574
631,3,574,630
632,3,574,630
633,3,574
634,3,574,633
635,3,574,633
636,3,574
637,3,574,636
638,3,574,636
639,3,574,636
640,3,574,636
641,3,574,636
642,3,574,636
643,3,574,636
644,3,574
645,3,574,644
646,3,574,644
647,3,574,644
648,3,574,644
649,3,574,644
650,3,574,644
651,3,574
652,3,574,651
653,3,574,651
654,3,574,651
655,3,574,651
656,3,574,651
657,3,574
658,3,574,657
659,3,574,657
660,3,574,657
662,3,241
663,3,901
664,3,901,663
665,3,901,663
666,3,208,209
667,3,208,209
668,3,208,209
669,3,901,663
670,3,901,1212
671,3,208,209
672,3,901,663
673,3,901,663
674,3,901,663,673
675,3,901,663,673
676,3,901,663,673
677,3,901,663,673
678,3,901,663,673
680,3
681,3,680
682,3,680,681
683,3,680,681
684,3,680
685,3,680,684
686,3,680,684
687,3,680,1174,1217
688,3,680,684
689,3,680,1179
690,3,680,1179,689
691,3,680,1179,689
692,3,680,1179,689
693,3,680,1179,689
694,3,680
695,3,680,694
696,3,680,694
697,3,680,1923
698,3,680,1923,697
699,3,680,1923
700,3,680,1923,699
701,3,680,1923,699
703,3,680,1923,699
704,3,680,1924
705,3,680,1923
706,3,680,1174
707,3,680
708,3,680,1924
709,3,680,1924,708
710,3,680,1924,708
711,3,680,1924,708
712,3,680,1924,708
713,3,680,1924,708
714,3,680,1924,708
715,3,680,1924,708
716,3,680,1924,708
717,3,680,1924,708
718,3,232,2379,2368
720,3,680,1926
721,3,680
722,3,680,721
723,3,680,721
724,3,680,1923
725,3,680,1923,724
726,3,680,1174,2082
727,3,680,1924
728,3,680,1924,727
729,3,680,1924,727
730,3,680,1924
731,3,680,1924,730
732,3,680,1924,730
733,3,680,1924,730
734,3,680,1924,730
735,3,680,1924
736,3,680,1924,735
737,3,680,1924,735
738,3,164
739,3,164,738,1230
740,3,164,738,1230,739
741,3,164,738,1230,739
742,3,164,738,1230,2077,839
743,3,164,738,1230,739
744,3,164,738,1230,2077,839
745,3,164,738,1230,739
746,3,164,738,1230,739
747,3,164,738,1230,2077,839
748,3,164,738
749,3,164,738,748
750,3,164,738,748
751,3,164,738,748
752,3,164,738
753,3,164,738,748
754,3,164,738,748
755,3,164,738,748,2074
756,3,164,738,823
757,3,164,738,748
758,3,164,738,748,2075
759,3,164,738,2078,1231
760,3,164,738,2078,1231
761,3,164,738,1229
762,3,164,738,1229,761
763,3,164,738,1229,761
764,3,164,738,1229,761
765,3,164,738,1229,761,2072
766,3,164,738,1229,761
767,3,164,738,1229,761,2072
768,3,164,738,1229,761
769,3,164,738,1230
770,3,164,738,1230,769
771,3,164,738,1230,769
772,3,164,738,1230,2076
773,3,164,738,1230,2076
774,3,164,738,1230,2076
775,3,164,738,1230,2076
776,3,164,738,1230,769
777,3,164,738,1230,769
778,3,164,738,1230
779,3,164,738,1230,778
780,3,164,738,1230,778
781,3,164,738,1230,778
782,3,164,738,1230,778
783,3,164,738,1229
784,3,164,738,1229,783
785,3,164,738,1229,783
786,3,164,738,1229,783
787,3,164,738,1229,783
788,3,164,738,1229,783
789,3,164,738,1229
790,3,164,738,1229,783
791,3,164,738,1229,783
792,3,164,738,1229,783
793,3,164,738,1229,783
794,3,164,738,1229,783
795,3,164,738,748
796,3,164,738,748
797,3,164,738,748,796
798,3,164,738,748,796
799,3,164,738,748,796
800,3,164,738,1230,2077
801,3,164,738,1230,2077,2217
802,3,164,738,1230,2077,800
803,3,164,738,1230,2077,2217
804,3,164,738,1230,2077,2217
805,3,164,738,1230,2077,800
806,3,164,738,1230,2077,800
807,3,164,738,1230,2077
808,3,164,738,1230,2077,807
809,3,164,738,1230,2077,807
810,3,164,738,1230,2077,807
811,3,164,738,1230,2077,807
812,3,164,738,2078,1231
813,3,164,738,1230,2076
814,3,164,738,1230,2077,807
815,3,164,738,1230,2077,807
816,3,164,738
817,3,164,738,816,2079
818,3,164,738,816,2079
819,3,164,738,816
820,3,164,738,1229,834,1087
821,3,164,738,816,2079
822,3,164,738,816
823,3,164,738
824,3,164,738,823
825,3,164,738,823
826,3,164,738,823
827,3,164,738,823
828,3,164,738,1230,2077,2234
829,3,164,738,1230,2077,839
830,3,164,738,1230,2077,2217
831,3,164,738,1230,2077,839
832,3,164,738,1230,2077,2217
833,3,164,738,1230,2077,2217
834,3,164,738,1229
835,3,164,738,2078
836,3,164,738,2078
837,3,164,738,2078
838,3,164,738,1229,2073
839,3,164,738,1230,2077
840,3,164,738,1229
841,3,164,738,2078
842,3
843,3,842
844,3
845,3,844
846,3,844,845
847,3,844,845
848,3,844,845
849,3,844,845
850,3,844,845
851,3,844,845
852,3,844
853,3,844,852
854,3,844,852
855,3,844,852
856,3,844,852
857,3,844
858,3,844,1921
859,3,844,1921
860,3,844,1919
861,3,844
862,3,844
863,3,844,862
864,3,844,862
865,3,844
866,3,844,862
867,3,844,862
868,3,844,862
869,3,844,1921
870,3,844,1921
1084,3,1709,1497
1085,3,900
1086,3,164,738,816
1087,3,164,738,1229,834
1882,3,421,1911
1088,3,844,845
1883,3,1709,1494
1884,3,4,5
1089,3,680,684
1090,3,680,684
1091,3,680,681,1487
1885,3,164,195
1092,3,842,1447
1093,3,901
1094,3,901,663,673
1095,3,842
1096,3,680,1174,2082
1097,3,680,1925
1098,3,680,1925,1097
1099,3,680,1925,1097
1100,3,680,942
1101,3,680,942
1102,3,680,942
1103,3,844,845
1104,3,73,1814
1105,3,232,233,2017
1106,3,421,460
1107,3,680,1179
1108,3,73,490
1109,3,574,575
1110,3,901,144,147
1111,3,901,144,147
1112,3,901,1212,481
1113,3,901,1212,481
1114,3,901,1212,481
1115,3,241,253,348
1116,3,164,738,748
1117,3,241,253,341
1118,3,900,122,2068
1119,3,164,738,823
1120,3,232,236,1993
1121,3,232,236,1993
1122,3,232,236,1984
1123,3,232,236,1981
1124,3,232,236,1981
1125,3,232,236,1984
1126,3,232,236
1127,3,232,236
1128,3,232,236,1127
1129,3,232,236,1127
1130,3,232,236,92
1131,3,232,236,1127
1132,3,232,236,1127
1133,3,232,236
1134,3,232,236,1984
1135,3,232,236,1983
1136,3,232,236,1126
1137,3,232,236,1126
1138,3,232,236,1127
1139,3,232,236,1126
1140,3,232,236,1126
1141,3,232,236,1126
1142,3,232,236,1126
1143,3,232,236,1126
1144,3,558,568
1145,3,241,253,388
1146,3,241,253,368
1147,3,241,253,348
1148,3,241,253,368
1149,3,241,253,307
1150,3,558
1151,3,901,144,147
1152,3,901
1153,3,901,1152
1154,3,901,1152
1155,3,248
1156,3,248,1155
1157,3,248,1155
1158,3,248,1155
1159,3,248,1155
1160,3,248,1155
1161,3,248,1155
1162,3,248,1155
1163,3,248,1155
1164,3,248,1155
1165,3,248,1155
1166,3,900,122,2067
